AÃ±o,Trimestre,HASTA 512 kbps,+ 512 Kbps - 1 Mbps,+ 1 Mbps - 6 Mbps,+ 6 Mbps - 10 Mbps,+ 10 Mbps - 20 Mbps,+ 20 Mbps - 30 Mbps,+ 30 Mbps,OTROS,Total,id_provincia
2022,4,28934.0,23347.0,259866.0,281550.0,244555.0,98670.0,3760109.0,97634.0,4794665.0,1
2022,4,516.0,5096.0,31320.0,64653.0,36336.0,8116.0,1299117.0,106772.0,1551926.0,2
2022,4,71.0,315.0,2716.0,5028.0,4638.0,3122.0,52739.0,2280.0,70909.0,3
2022,4,461.0,771.0,16067.0,17846.0,6704.0,3039.0,94866.0,3909.0,143663.0,4
2022,4,109.0,1614.0,46457.0,31007.0,34728.0,15770.0,19048.0,20026.0,168759.0,5
2022,4,99.0,9929.0,143686.0,108195.0,63120.0,20691.0,686330.0,17610.0,1049660.0,6
2022,4,67.0,3282.0,22647.0,24858.0,7025.0,3770.0,85806.0,7998.0,155453.0,7
2022,4,107.0,4722.0,45629.0,46700.0,20927.0,22483.0,130406.0,0.0,270974.0,8
2022,4,84.0,245.0,22458.0,12391.0,6724.0,310.0,18930.0,698.0,61840.0,9
2022,4,58.0,1763.0,18652.0,14070.0,36430.0,335.0,46910.0,0.0,118218.0,10
2022,4,68.0,1687.0,52618.0,10334.0,9167.0,4479.0,19783.0,16028.0,114164.0,11
2022,4,18.0,595.0,2531.0,3010.0,24435.0,5029.0,50644.0,0.0,86262.0,12
2022,4,103.0,2954.0,35541.0,20355.0,35935.0,14909.0,161163.0,21144.0,292104.0,13
2022,4,51.0,3510.0,35622.0,21373.0,12196.0,3182.0,101745.0,8590.0,186269.0,14
2022,4,168.0,994.0,38814.0,13960.0,13008.0,5739.0,85247.0,2250.0,160180.0,15
2022,4,111.0,1081.0,32053.0,13931.0,20442.0,7335.0,57495.0,29644.0,162092.0,16
2022,4,114.0,1197.0,31530.0,71105.0,5036.0,117.0,90014.0,6747.0,205860.0,17
2022,4,24.0,2027.0,30069.0,11247.0,20440.0,8188.0,19991.0,11840.0,103826.0,18
2022,4,60.0,624.0,11785.0,24684.0,13981.0,78506.0,2227.0,3353.0,135220.0,19
2022,4,51.0,6810.0,11616.0,11509.0,10374.0,3236.0,5559.0,1048.0,50203.0,20
2022,4,468.0,9374.0,115767.0,194420.0,73345.0,22899.0,453078.0,18340.0,887691.0,21
2022,4,178.0,1267.0,26183.0,58136.0,17735.0,661.0,14345.0,989.0,119494.0,22
2022,4,22.0,902.0,11649.0,13634.0,21365.0,3612.0,1812.0,2264.0,55260.0,23
2022,4,39.0,1562.0,29996.0,35425.0,26369.0,1375.0,153538.0,15118.0,263422.0,24
2022,3,29985.0,27709.0,290315.0,297915.0,267044.0,124190.0,3618689.0,65821.0,4721668.0,1
2022,3,517.0,5742.0,34371.0,67829.0,51946.0,28692.0,1253105.0,105477.0,1547679.0,2
2022,3,71.0,384.0,3107.0,5389.0,5099.0,3737.0,50298.0,2208.0,70293.0,3
2022,3,461.0,987.0,16782.0,18938.0,8049.0,15828.0,79390.0,3711.0,144146.0,4
2022,3,109.0,1444.0,45707.0,30940.0,34682.0,15309.0,17563.0,20024.0,165778.0,5
2022,3,99.0,11312.0,153324.0,111615.0,70989.0,27112.0,650344.0,13873.0,1038668.0,6
2022,3,67.0,3865.0,23427.0,23948.0,7776.0,21706.0,56950.0,7107.0,144846.0,7
2022,3,107.0,5549.0,47210.0,46855.0,18263.0,32021.0,102195.0,16759.0,268959.0,8
2022,3,97.0,307.0,23538.0,19545.0,6194.0,564.0,17704.0,589.0,68538.0,9
2022,3,58.0,1879.0,19135.0,15254.0,36083.0,519.0,45895.0,0.0,118823.0,10
2022,3,68.0,1887.0,61540.0,9653.0,11592.0,5609.0,22731.0,3012.0,116092.0,11
2022,3,18.0,689.0,2842.0,3375.0,24219.0,5331.0,50390.0,0.0,86864.0,12
2022,3,103.0,2953.0,44232.0,21977.0,48201.0,17243.0,150043.0,4771.0,289523.0,13
2022,3,51.0,3749.0,36628.0,20758.0,12676.0,19615.0,80330.0,8350.0,182157.0,14
2022,3,134.0,991.0,38485.0,14080.0,9200.0,6700.0,78713.0,14858.0,163161.0,15
2022,3,111.0,1221.0,32936.0,17860.0,27934.0,13629.0,42596.0,24271.0,160558.0,16
2022,3,114.0,1490.0,32923.0,71199.0,5662.0,1001.0,85661.0,6491.0,204541.0,17
2022,3,24.0,2027.0,30324.0,11247.0,22157.0,6780.0,19221.0,11619.0,103399.0,18
2022,3,60.0,307.0,6563.0,20813.0,12061.0,67438.0,13.0,14815.0,122070.0,19
2022,3,52.0,6841.0,12342.0,11313.0,11378.0,2333.0,4604.0,647.0,49510.0,20
2022,3,468.0,11132.0,132709.0,198588.0,70897.0,57455.0,396352.0,20209.0,887810.0,21
2022,3,178.0,1384.0,28357.0,58982.0,16087.0,910.0,12342.0,792.0,119032.0,22
2022,3,22.0,831.0,12002.0,14815.0,20102.0,1752.0,1021.0,3351.0,53896.0,23
2022,3,39.0,2047.0,32571.0,39018.0,25214.0,4348.0,159600.0,280.0,263117.0,24
2022,2,30639.0,28323.0,295238.0,307554.0,273954.0,129869.0,3535757.0,65849.0,4667183.0,1
2022,2,517.0,5980.0,36036.0,72434.0,55372.0,31571.0,1229254.0,105607.0,1536771.0,2
2022,2,71.0,413.0,3678.0,6155.0,7165.0,3393.0,43926.0,2207.0,67008.0,3
2022,2,461.0,1047.0,17603.0,20109.0,8391.0,15974.0,76271.0,3708.0,143564.0,4
2022,2,109.0,1444.0,45804.0,31217.0,34290.0,14526.0,15394.0,20021.0,162805.0,5
2022,2,99.0,11971.0,160486.0,120485.0,71923.0,28645.0,619400.0,13426.0,1026435.0,6
2022,2,67.0,3937.0,24253.0,24842.0,8001.0,21719.0,55071.0,7107.0,144997.0,7
2022,2,107.0,5656.0,48637.0,48557.0,18512.0,32355.0,98769.0,16759.0,269352.0,8
2022,2,97.0,407.0,23834.0,19706.0,6330.0,591.0,16326.0,590.0,67881.0,9
2022,2,58.0,1829.0,19458.0,15790.0,37786.0,549.0,37391.0,2453.0,115314.0,10
2022,2,68.0,1887.0,62546.0,9842.0,11800.0,5247.0,17125.0,3012.0,111527.0,11
2022,2,18.0,728.0,3179.0,3890.0,23814.0,5481.0,48920.0,0.0,86030.0,12
2022,2,103.0,2954.0,44961.0,22557.0,64138.0,19543.0,121366.0,3940.0,279562.0,13
2022,2,51.0,3808.0,37254.0,21712.0,12774.0,19757.0,75107.0,8350.0,178813.0,14
2022,2,134.0,999.0,38826.0,15066.0,9205.0,2039.0,76982.0,18717.0,161968.0,15
2022,2,111.0,1227.0,33364.0,17938.0,27168.0,13714.0,41972.0,24270.0,159764.0,16
2022,2,114.0,1530.0,33732.0,72661.0,6012.0,1156.0,81478.0,6494.0,203177.0,17
2022,2,24.0,2027.0,30385.0,11276.0,24649.0,3728.0,16701.0,11617.0,100407.0,18
2022,2,60.0,306.0,6840.0,21217.0,11052.0,67438.0,13.0,14815.0,121741.0,19
2022,2,52.0,6841.0,12348.0,11369.0,11885.0,2454.0,3592.0,644.0,49185.0,20
2022,2,468.0,11757.0,138534.0,204381.0,74133.0,58114.0,373888.0,17584.0,878859.0,21
2022,2,178.0,1401.0,29581.0,59931.0,14606.0,883.0,10672.0,792.0,118044.0,22
2022,2,22.0,831.0,12052.0,14828.0,19968.0,1712.0,1006.0,3351.0,53770.0,23
2022,2,39.0,2195.0,34461.0,43513.0,23634.0,4863.0,145541.0,281.0,254527.0,24
2022,1,31591.0,30056.0,313382.0,321756.0,290127.0,161183.0,3381049.0,26280.0,4555424.0,1
2022,1,527.0,5575.0,39918.0,77390.0,61053.0,43289.0,1188072.0,1717.0,1417541.0,2
2022,1,71.0,456.0,4386.0,7009.0,8773.0,3761.0,35715.0,2207.0,62378.0,3
2022,1,461.0,1099.0,16888.0,21235.0,20898.0,13012.0,62946.0,7580.0,144119.0,4
2022,1,113.0,1677.0,61369.0,31856.0,33080.0,13871.0,14055.0,15607.0,171628.0,5
2022,1,100.0,12782.0,165922.0,126009.0,73967.0,34892.0,577027.0,13104.0,1003803.0,6
2022,1,67.0,4029.0,24563.0,25665.0,27077.0,10452.0,43631.0,7094.0,142578.0,7
2022,1,107.0,5745.0,50075.0,49620.0,42294.0,21578.0,81757.0,16750.0,267926.0,8
2022,1,97.0,448.0,24113.0,6945.0,6613.0,716.0,15028.0,588.0,54548.0,9
2022,1,58.0,1761.0,22141.0,16321.0,37923.0,576.0,35287.0,2442.0,116509.0,10
2022,1,301.0,2223.0,62812.0,9869.0,12044.0,5250.0,14400.0,2833.0,109732.0,11
2022,1,18.0,778.0,3576.0,4692.0,23624.0,5645.0,45970.0,0.0,84303.0,12
2022,1,114.0,3355.0,51230.0,26407.0,74178.0,21566.0,95048.0,3287.0,275185.0,13
2022,1,51.0,3873.0,35655.0,22261.0,26855.0,15854.0,58610.0,8349.0,171508.0,14
2022,1,137.0,1123.0,39856.0,15623.0,11163.0,2654.0,71238.0,7885.0,149679.0,15
2022,1,116.0,1383.0,35565.0,18859.0,26926.0,14144.0,37729.0,22652.0,157374.0,16
2022,1,114.0,1725.0,35576.0,68246.0,6313.0,2214.0,76838.0,6489.0,197515.0,17
2022,1,26.0,2269.0,32356.0,11914.0,25144.0,2088.0,11916.0,2465.0,88178.0,18
2022,1,61.0,643.0,8287.0,3837.0,9802.0,68612.0,13.0,28589.0,119844.0,19
2022,1,51.0,6898.0,12710.0,11502.0,12277.0,2628.0,2551.0,485.0,49102.0,20
2022,1,468.0,12435.0,143796.0,208361.0,84787.0,58018.0,344170.0,18444.0,870479.0,21
2022,1,178.0,1401.0,30220.0,61170.0,13542.0,849.0,8309.0,792.0,116461.0,22
2022,1,24.0,894.0,12849.0,15640.0,18034.0,1767.0,982.0,2421.0,52611.0,23
2022,1,39.0,2212.0,36028.0,46961.0,21014.0,5211.0,133846.0,273.0,245584.0,24
2021,4,37821.0,11026.0,352950.0,331292.0,297296.0,196021.0,3259793.0,22958.0,4509157.0,1
2021,4,563.0,1695.0,47133.0,81899.0,66135.0,66755.0,1147939.0,0.0,1412119.0,2
2021,4,71.0,0.0,6038.0,7855.0,9804.0,3262.0,29827.0,2233.0,59090.0,3
2021,4,461.0,112.0,18845.0,22678.0,21937.0,13692.0,58435.0,7585.0,143745.0,4
2021,4,126.0,1294.0,63698.0,39568.0,31175.0,5780.0,2904.0,15763.0,160308.0,5
2021,4,100.0,2479.0,184548.0,130892.0,76246.0,41198.0,538700.0,12607.0,986770.0,6
2021,4,67.0,645.0,28830.0,26368.0,22922.0,10087.0,39911.0,7082.0,135912.0,7
2021,4,107.0,3024.0,56043.0,49636.0,38295.0,24068.0,77290.0,16583.0,265046.0,8
2021,4,84.0,0.0,22908.0,6983.0,6811.0,1135.0,13775.0,1967.0,53663.0,9
2021,4,58.0,175.0,22446.0,16793.0,38134.0,564.0,33421.0,2324.0,113915.0,10
2021,4,301.0,493.0,64840.0,9082.0,12259.0,4821.0,12184.0,3027.0,107007.0,11
2021,4,18.0,1.0,5018.0,5437.0,23559.0,5671.0,43424.0,0.0,83128.0,12
2021,4,156.0,1463.0,66428.0,30308.0,75214.0,18621.0,75031.0,366.0,267587.0,13
2021,4,51.0,5.0,41916.0,23554.0,26721.0,15954.0,54596.0,8335.0,171132.0,14
2021,4,140.0,940.0,42313.0,13264.0,10515.0,3310.0,69217.0,7767.0,147466.0,15
2021,4,156.0,1174.0,38373.0,19878.0,31255.0,4130.0,36142.0,22645.0,153753.0,16
2021,4,114.0,20.0,40673.0,69324.0,6642.0,3535.0,72622.0,6475.0,199405.0,17
2021,4,44.0,1442.0,28906.0,10955.0,23978.0,398.0,9800.0,4435.0,79958.0,18
2021,4,62.0,264.0,8550.0,4276.0,9107.0,67363.0,9.0,29218.0,118849.0,19
2021,4,52.0,297.0,20305.0,11641.0,13054.0,1770.0,876.0,491.0,48486.0,20
2021,4,467.0,581.0,169706.0,206856.0,85690.0,62349.0,322015.0,18777.0,866441.0,21
2021,4,178.0,909.0,31915.0,61524.0,12205.0,800.0,7537.0,793.0,115861.0,22
2021,4,26.0,385.0,13505.0,16534.0,16562.0,1748.0,1017.0,2580.0,52357.0,23
2021,4,39.0,97.0,37321.0,48736.0,21023.0,5326.0,125857.0,240.0,238639.0,24
2021,3,37193.0,31149.0,1108940.0,248153.0,141383.0,192797.0,2482266.0,9728.0,4251609.0,1
2021,3,295.0,603.0,156978.0,67013.0,39785.0,73502.0,1075229.0,0.0,1413405.0,2
2021,3,71.0,0.0,6755.0,8428.0,10517.0,1659.0,26618.0,2206.0,56254.0,3
2021,3,301.0,112.0,22545.0,20986.0,23852.0,14412.0,49705.0,7958.0,139871.0,4
2021,3,104.0,105.0,89168.0,26281.0,18538.0,5320.0,1643.0,14907.0,156066.0,5
2021,3,99.0,2452.0,204989.0,141285.0,65050.0,47198.0,476459.0,9256.0,946788.0,6
2021,3,67.0,645.0,29629.0,28478.0,24792.0,9687.0,35468.0,5053.0,133819.0,7
2021,3,107.0,3024.0,61354.0,59776.0,39114.0,16284.0,67961.0,12755.0,260375.0,8
2021,3,381.0,0.0,22778.0,7142.0,6978.0,1192.0,12707.0,1617.0,52795.0,9
2021,3,48.0,175.0,23884.0,16417.0,37755.0,561.0,29917.0,2401.0,111158.0,10
2021,3,298.0,313.0,65063.0,7395.0,8737.0,4023.0,10506.0,4152.0,100487.0,11
2021,3,18.0,1.0,5366.0,5979.0,23315.0,4868.0,42613.0,0.0,82160.0,12
2021,3,36.0,31.0,151871.0,12640.0,62628.0,7596.0,21087.0,50.0,255939.0,13
2021,3,51.0,5.0,41932.0,25099.0,26079.0,14792.0,42291.0,8279.0,158528.0,14
2021,3,112.0,327.0,57441.0,8566.0,6234.0,3631.0,57919.0,5579.0,139809.0,15
2021,3,125.0,557.0,68991.0,3730.0,14880.0,2282.0,34011.0,20009.0,144585.0,16
2021,3,101.0,20.0,41431.0,70104.0,6962.0,3878.0,67010.0,6327.0,195833.0,17
2021,3,18.0,333.0,59873.0,752.0,13250.0,338.0,278.0,4641.0,79483.0,18
2021,3,60.0,0.0,11552.0,2405.0,6491.0,67942.0,22.0,29392.0,117864.0,19
2021,3,50.0,0.0,30561.0,8365.0,6799.0,1788.0,678.0,735.0,48976.0,20
2021,3,467.0,579.0,193207.0,201250.0,83941.0,55080.0,290793.0,16267.0,841584.0,21
2021,3,123.0,909.0,32752.0,61838.0,11274.0,801.0,6863.0,898.0,115458.0,22
2021,3,17.0,0.0,23723.0,13397.0,9782.0,1433.0,976.0,895.0,50223.0,23
2021,3,32.0,97.0,39446.0,50293.0,21986.0,5300.0,115154.0,164.0,232472.0,24
2021,2,37192.0,31178.0,1096049.0,244001.0,140322.0,236897.0,2337604.0,9108.0,4132351.0,1
2021,2,294.0,603.0,157558.0,73568.0,43859.0,86655.0,1037752.0,66.0,1400355.0,2
2021,2,71.0,0.0,7219.0,9091.0,6828.0,4941.0,25388.0,2206.0,55744.0,3
2021,2,301.0,112.0,23444.0,21574.0,24032.0,16069.0,47239.0,7958.0,140729.0,4
2021,2,104.0,105.0,89639.0,22605.0,16604.0,3896.0,1112.0,5172.0,139237.0,5
2021,2,99.0,2452.0,201757.0,136516.0,66950.0,70824.0,442357.0,9925.0,930880.0,6
2021,2,67.0,645.0,29419.0,27037.0,24524.0,10059.0,32697.0,5053.0,129501.0,7
2021,2,107.0,3024.0,63518.0,55349.0,39468.0,18484.0,61605.0,16077.0,257632.0,8
2021,2,381.0,0.0,22364.0,7310.0,7460.0,1341.0,11077.0,1618.0,51551.0,9
2021,2,48.0,175.0,24182.0,16577.0,37908.0,607.0,29950.0,2401.0,111848.0,10
2021,2,298.0,554.0,64146.0,7769.0,8128.0,3399.0,9311.0,4062.0,97667.0,11
2021,2,18.0,1.0,5312.0,5971.0,23298.0,4825.0,42158.0,19.0,81602.0,12
2021,2,36.0,31.0,137462.0,10886.0,56117.0,4403.0,20686.0,50.0,229671.0,13
2021,2,51.0,5.0,41643.0,25907.0,25811.0,16172.0,38308.0,8279.0,156176.0,14
2021,2,112.0,327.0,57713.0,8631.0,5871.0,5943.0,54008.0,5645.0,138250.0,15
2021,2,125.0,557.0,69356.0,3663.0,15019.0,3867.0,31488.0,20009.0,144084.0,16
2021,2,101.0,20.0,42543.0,67012.0,7099.0,9654.0,58882.0,6328.0,191639.0,17
2021,2,18.0,333.0,59989.0,784.0,12550.0,340.0,278.0,4641.0,78933.0,18
2021,2,60.0,0.0,11752.0,2703.0,5418.0,65946.0,22.0,36917.0,122818.0,19
2021,2,50.0,0.0,30595.0,8463.0,6888.0,1575.0,676.0,735.0,48982.0,20
2021,2,467.0,896.0,202018.0,204077.0,80452.0,75195.0,262124.0,15371.0,840600.0,21
2021,2,123.0,909.0,32034.0,62224.0,10359.0,811.0,6064.0,1566.0,114090.0,22
2021,2,17.0,0.0,21335.0,6913.0,4580.0,476.0,889.0,1483.0,35693.0,23
2021,2,32.0,97.0,40224.0,51648.0,23732.0,5022.0,109616.0,2680.0,233051.0,24
2021,1,36939.0,31187.0,1108368.0,240520.0,163747.0,222061.0,2246313.0,10867.0,4060002.0,1
2021,1,135.0,244.0,159662.0,76753.0,56457.0,83255.0,1003041.0,126.0,1379673.0,2
2021,1,71.0,0.0,7423.0,8455.0,10115.0,712.0,22996.0,2196.0,51968.0,3
2021,1,301.0,112.0,24357.0,22102.0,27556.0,14496.0,42462.0,8384.0,139770.0,4
2021,1,106.0,109.0,86986.0,21401.0,15392.0,2844.0,1112.0,4390.0,132340.0,5
2021,1,93.0,2386.0,211799.0,135092.0,74659.0,71984.0,402191.0,12677.0,910881.0,6
2021,1,67.0,527.0,31544.0,26223.0,26169.0,9001.0,27641.0,5453.0,126625.0,7
2021,1,105.0,2911.0,67255.0,56060.0,42432.0,15774.0,54600.0,12826.0,251963.0,8
2021,1,56.0,0.0,22409.0,7569.0,7916.0,1215.0,9579.0,1942.0,50686.0,9
2021,1,49.0,175.0,23735.0,17293.0,40649.0,568.0,25609.0,2378.0,110456.0,10
2021,1,298.0,554.0,68200.0,7864.0,7611.0,2786.0,7368.0,2424.0,97105.0,11
2021,1,28.0,40.0,134386.0,11216.0,52533.0,4061.0,16615.0,44.0,218923.0,13
2021,1,51.0,524.0,40949.0,25503.0,27101.0,14050.0,32953.0,8256.0,149387.0,14
2021,1,116.0,327.0,56171.0,8443.0,5903.0,5677.0,50840.0,5758.0,133235.0,15
2021,1,125.0,466.0,70011.0,4187.0,13045.0,3642.0,29589.0,20103.0,141168.0,16
2021,1,109.0,20.0,40785.0,68149.0,9164.0,8139.0,54889.0,6319.0,187574.0,17
2021,1,25.0,194.0,60439.0,858.0,11494.0,340.0,276.0,4641.0,78267.0,18
2021,1,58.0,0.0,11889.0,2926.0,4429.0,62913.0,22.0,36917.0,119154.0,19
2021,1,518.0,891.0,201632.0,204458.0,91846.0,65476.0,236924.0,24382.0,826127.0,21
2021,1,123.0,909.0,33884.0,58464.0,8549.0,700.0,4868.0,4144.0,111641.0,22
2021,1,17.0,0.0,21379.0,1468.0,4317.0,486.0,919.0,11836.0,40422.0,23
2021,1,29.0,97.0,42810.0,53416.0,25255.0,4188.0,103437.0,2680.0,231912.0,24
2020,4,36939.0,31197.0,1109865.0,242243.0,214171.0,213588.0,2176242.0,9016.0,4033261.0,1
2020,4,135.0,244.0,160210.0,78123.0,60208.0,80269.0,1000073.0,268.0,1379530.0,2
2020,4,71.0,0.0,8843.0,8740.0,11436.0,591.0,20406.0,2309.0,52396.0,3
2020,4,301.0,112.0,24782.0,22479.0,26802.0,15701.0,40949.0,7965.0,139091.0,4
2020,4,106.0,109.0,88157.0,21824.0,12046.0,2818.0,1112.0,4402.0,130574.0,5
2020,4,119.0,2386.0,214963.0,135262.0,82221.0,70013.0,384169.0,13568.0,902701.0,6
2020,4,67.0,527.0,31900.0,26321.0,25687.0,9383.0,26789.0,4985.0,125659.0,7
2020,4,105.0,2911.0,65659.0,53556.0,40755.0,16600.0,53141.0,14654.0,247381.0,8
2020,4,56.0,0.0,23540.0,7606.0,7181.0,1197.0,8946.0,1680.0,50206.0,9
2020,4,49.0,182.0,23772.0,14379.0,44930.0,446.0,19282.0,2811.0,105851.0,10
2020,4,298.0,554.0,70184.0,8124.0,6562.0,2396.0,6257.0,2520.0,96895.0,11
2020,4,18.0,1.0,36906.0,6060.0,4633.0,181.0,4979.0,0.0,52778.0,12
2020,4,28.0,40.0,146312.0,11172.0,40396.0,3378.0,11557.0,2570.0,215453.0,13
2020,4,51.0,524.0,39988.0,26078.0,26445.0,14810.0,32264.0,7001.0,147161.0,14
2020,4,116.0,327.0,56434.0,8478.0,5791.0,5493.0,50776.0,5720.0,133135.0,15
2020,4,125.0,466.0,70305.0,4153.0,13131.0,3512.0,29372.0,20146.0,141210.0,16
2020,4,109.0,514.0,41443.0,68829.0,15188.0,8291.0,46697.0,6319.0,187390.0,17
2020,4,25.0,194.0,61316.0,740.0,5126.0,332.0,275.0,4588.0,72596.0,18
2020,4,58.0,0.0,14020.0,3490.0,2688.0,62239.0,22.0,36918.0,119435.0,19
2020,4,47.0,0.0,27173.0,4382.0,6634.0,1033.0,647.0,758.0,40674.0,20
2020,4,518.0,891.0,206372.0,203793.0,94246.0,65145.0,226246.0,23602.0,820813.0,21
2020,4,123.0,909.0,34518.0,57590.0,4666.0,411.0,4520.0,3932.0,106669.0,22
2020,4,17.0,0.0,21881.0,6119.0,3497.0,488.0,922.0,6690.0,39614.0,23
2020,4,29.0,97.0,44095.0,54334.0,32155.0,4105.0,93594.0,2680.0,231089.0,24
2020,3,37542.0,31514.0,1113823.0,234710.0,219772.0,194248.0,2085815.0,19853.0,3937277.0,1
2020,3,264.0,312.0,162222.0,85083.0,68753.0,78028.0,977766.0,247.0,1372675.0,2
2020,3,63.0,0.0,8276.0,8768.0,11195.0,562.0,18886.0,2154.0,49904.0,3
2020,3,308.0,112.0,24675.0,21639.0,27546.0,13751.0,38729.0,7194.0,133954.0,4
2020,3,158.0,109.0,87559.0,22114.0,12217.0,2818.0,1110.0,3942.0,130027.0,5
2020,3,168.0,3064.0,218599.0,124833.0,84236.0,63823.0,361021.0,11728.0,867472.0,6
2020,3,72.0,527.0,35190.0,23315.0,25308.0,8615.0,25344.0,5020.0,123391.0,7
2020,3,130.0,2911.0,66648.0,51478.0,40797.0,14377.0,49395.0,15759.0,241495.0,8
2020,3,391.0,151.0,23163.0,7432.0,7125.0,991.0,8219.0,1737.0,49209.0,9
2020,3,55.0,182.0,32131.0,10566.0,45198.0,293.0,15238.0,3065.0,106728.0,10
2020,3,293.0,810.0,66695.0,7820.0,5577.0,2189.0,6322.0,4029.0,93735.0,11
2020,3,21.0,1.0,37105.0,5955.0,4660.0,124.0,4748.0,2.0,52616.0,12
2020,3,58.0,40.0,141404.0,12123.0,42433.0,3448.0,8237.0,45.0,207788.0,13
2020,3,71.0,524.0,39005.0,24215.0,25942.0,13663.0,30987.0,8779.0,143186.0,14
2020,3,218.0,327.0,60463.0,6561.0,5975.0,5449.0,49439.0,803.0,129235.0,15
2020,3,114.0,466.0,68986.0,3769.0,7096.0,3455.0,28488.0,19093.0,131467.0,16
2020,3,129.0,514.0,32780.0,64736.0,15990.0,7928.0,43773.0,14996.0,180846.0,17
2020,3,48.0,194.0,65526.0,711.0,6529.0,41.0,128.0,4150.0,77327.0,18
2020,3,105.0,0.0,12199.0,3351.0,2666.0,61319.0,8.0,36917.0,116565.0,19
2020,3,66.0,0.0,26888.0,4015.0,6730.0,629.0,120.0,833.0,39281.0,20
2020,3,568.0,1241.0,213353.0,199381.0,92095.0,58797.0,210562.0,27001.0,802998.0,21
2020,3,133.0,909.0,33287.0,57418.0,4658.0,292.0,3994.0,4801.0,105492.0,22
2020,3,11.0,0.0,22094.0,5414.0,3726.0,481.0,937.0,6992.0,39655.0,23
2020,3,52.0,97.0,45913.0,54610.0,33126.0,3246.0,84195.0,2637.0,223876.0,24
2020,2,37542.0,31606.0,1129236.0,241336.0,233132.0,188995.0,1894466.0,21233.0,3777546.0,1
2020,2,264.0,312.0,166474.0,94585.0,79858.0,80160.0,935481.0,687.0,1357821.0,2
2020,2,63.0,0.0,8801.0,8690.0,10242.0,426.0,16578.0,3176.0,47976.0,3
2020,2,308.0,928.0,24350.0,21140.0,29044.0,12082.0,33311.0,6969.0,128132.0,4
2020,2,158.0,109.0,69578.0,22188.0,10537.0,1473.0,614.0,3999.0,108656.0,5
2020,2,168.0,4383.0,219025.0,125932.0,89530.0,63216.0,325243.0,8971.0,836468.0,6
2020,2,72.0,527.0,34242.0,22845.0,25844.0,7898.0,22418.0,5020.0,118866.0,7
2020,2,130.0,3679.0,66758.0,50640.0,42090.0,12856.0,43391.0,14569.0,234113.0,8
2020,2,391.0,151.0,23534.0,7109.0,6998.0,961.0,7475.0,1313.0,47932.0,9
2020,2,55.0,182.0,30548.0,10519.0,26829.0,209.0,9417.0,16557.0,94316.0,10
2020,2,293.0,810.0,71218.0,7531.0,3800.0,1657.0,3377.0,1123.0,89809.0,11
2020,2,21.0,1.0,37375.0,5661.0,4686.0,73.0,4336.0,2.0,52155.0,12
2020,2,58.0,40.0,142253.0,12439.0,35274.0,3248.0,5422.0,2450.0,201184.0,13
2020,2,71.0,524.0,39867.0,23719.0,26445.0,12305.0,28763.0,8646.0,140340.0,14
2020,2,218.0,327.0,61171.0,6103.0,6625.0,5296.0,46432.0,0.0,126172.0,15
2020,2,114.0,466.0,70817.0,3335.0,7498.0,3246.0,26953.0,17057.0,129486.0,16
2020,2,129.0,514.0,41801.0,64463.0,16989.0,7741.0,39594.0,6531.0,177762.0,17
2020,2,48.0,194.0,59113.0,917.0,4908.0,40.0,127.0,4430.0,69777.0,18
2020,2,105.0,0.0,11439.0,3585.0,1934.0,60889.0,8.0,35992.0,113952.0,19
2020,2,66.0,0.0,26938.0,4166.0,6541.0,546.0,119.0,493.0,38869.0,20
2020,2,568.0,2061.0,213054.0,198772.0,96575.0,57236.0,189473.0,20193.0,777932.0,21
2020,2,133.0,1779.0,32557.0,57709.0,5178.0,247.0,3328.0,4516.0,105447.0,22
2020,2,11.0,0.0,22325.0,5186.0,3034.0,391.0,796.0,7446.0,39189.0,23
2020,2,52.0,97.0,49028.0,54537.0,34184.0,2246.0,74377.0,2635.0,217156.0,24
2020,1,38215.0,36802.0,1122034.0,236421.0,247977.0,205780.0,1802583.0,28935.0,3718747.0,1
2020,1,264.0,312.0,169651.0,102254.0,89665.0,85899.0,906009.0,0.0,1354054.0,2
2020,1,63.0,0.0,8838.0,7543.0,9558.0,408.0,10299.0,2151.0,38860.0,3
2020,1,308.0,928.0,23291.0,19976.0,29851.0,10416.0,28539.0,6917.0,120226.0,4
2020,1,158.0,109.0,69586.0,12957.0,7756.0,1240.0,614.0,4500.0,96920.0,5
2020,1,142.0,5128.0,217229.0,120188.0,95827.0,65733.0,296875.0,9802.0,810924.0,6
2020,1,72.0,527.0,33479.0,21382.0,26679.0,7351.0,19467.0,4780.0,113737.0,7
2020,1,130.0,4081.0,72280.0,47132.0,41125.0,11988.0,39794.0,13762.0,230292.0,8
2020,1,1127.0,342.0,23761.0,6500.0,6564.0,964.0,6918.0,100.0,46276.0,9
2020,1,55.0,182.0,33120.0,9979.0,26693.0,166.0,7349.0,16545.0,94089.0,10
2020,1,293.0,811.0,72740.0,7199.0,3029.0,1342.0,2113.0,1618.0,89145.0,11
2020,1,21.0,1.0,37209.0,5158.0,4640.0,22.0,1294.0,0.0,48345.0,12
2020,1,58.0,40.0,140410.0,12285.0,17489.0,2860.0,3818.0,0.0,176960.0,13
2020,1,71.0,524.0,36622.0,21271.0,26433.0,11581.0,26313.0,10885.0,133700.0,14
2020,1,218.0,327.0,60152.0,5257.0,7123.0,5399.0,43738.0,0.0,122214.0,15
2020,1,114.0,466.0,69154.0,2930.0,7857.0,3199.0,25488.0,17719.0,126927.0,16
2020,1,129.0,514.0,38537.0,63714.0,17991.0,8625.0,34744.0,6441.0,170695.0,17
2020,1,48.0,194.0,59787.0,1594.0,1292.0,40.0,127.0,4779.0,67861.0,18
2020,1,105.0,0.0,11322.0,4164.0,525.0,58258.0,5.0,36075.0,110454.0,19
2020,1,67.0,11.0,27447.0,4993.0,5169.0,529.0,119.0,0.0,38335.0,20
2020,1,696.0,2994.0,217553.0,196826.0,104560.0,48448.0,173823.0,17656.0,762556.0,21
2020,1,133.0,1779.0,33086.0,56884.0,3737.0,135.0,2799.0,4501.0,103054.0,22
2020,1,11.0,1.0,22976.0,5024.0,1834.0,196.0,518.0,7046.0,37606.0,23
2020,1,52.0,97.0,49555.0,50383.0,31096.0,1730.0,67536.0,0.0,200449.0,24
2019,4,33489.0,27537.0,1177446.0,262297.0,247106.0,452570.0,1465133.0,20676.0,3686254.0,1
2019,4,307.0,15.0,177098.0,110218.0,110852.0,205810.0,753805.0,0.0,1358105.0,2
2019,4,63.0,0.0,9945.0,7619.0,9305.0,804.0,7477.0,3098.0,38311.0,3
2019,4,83.0,0.0,25899.0,18959.0,30902.0,13516.0,21556.0,6988.0,117903.0,4
2019,4,158.0,4.0,69405.0,12945.0,7615.0,1240.0,614.0,4121.0,96102.0,5
2019,4,142.0,0.0,232781.0,118232.0,109330.0,114111.0,221742.0,10350.0,806688.0,6
2019,4,72.0,0.0,35055.0,20620.0,27367.0,9981.0,15744.0,4995.0,113834.0,7
2019,4,47.0,0.0,88203.0,44511.0,42962.0,18976.0,30153.0,14178.0,239030.0,8
2019,4,1127.0,191.0,24606.0,6319.0,6788.0,1766.0,5671.0,243.0,46711.0,9
2019,4,55.0,0.0,32920.0,9632.0,26764.0,102.0,5286.0,14122.0,88881.0,10
2019,4,293.0,313.0,76747.0,6900.0,1951.0,1287.0,1342.0,1566.0,90399.0,11
2019,4,21.0,0.0,37846.0,5045.0,4763.0,22.0,1305.0,0.0,49002.0,12
2019,4,746.0,9.0,145139.0,12955.0,15237.0,2165.0,2628.0,6901.0,185780.0,13
2019,4,71.0,0.0,39664.0,20840.0,27305.0,15626.0,20799.0,11508.0,135813.0,14
2019,4,218.0,1.0,57370.0,4439.0,7357.0,12059.0,35001.0,0.0,116445.0,15
2019,4,114.0,0.0,71847.0,2797.0,8558.0,6968.0,19837.0,17019.0,127140.0,16
2019,4,149.0,1.0,42159.0,67656.0,15369.0,14170.0,25821.0,7120.0,172445.0,17
2019,4,48.0,1.0,60626.0,1594.0,1292.0,40.0,127.0,1246.0,64974.0,18
2019,4,105.0,0.0,11901.0,4164.0,525.0,55216.0,3.0,36287.0,108201.0,19
2019,4,67.0,0.0,32368.0,4346.0,2224.0,7.0,8.0,350.0,39370.0,20
2019,4,698.0,0.0,230234.0,190664.0,113527.0,70998.0,135576.0,27472.0,769169.0,21
2019,4,133.0,908.0,34911.0,56309.0,3756.0,105.0,2449.0,5017.0,103588.0,22
2019,4,11.0,0.0,23593.0,5050.0,1848.0,139.0,1962.0,7789.0,40392.0,23
2019,4,55.0,0.0,54544.0,52017.0,28916.0,6405.0,56707.0,0.0,198644.0,24
2019,3,238920.0,44648.0,1432722.0,222812.0,260506.0,483572.0,1246209.0,42294.0,3971683.0,1
2019,3,104.0,368.0,269704.0,120924.0,138011.0,258591.0,655108.0,0.0,1442810.0,2
2019,3,34.0,43.0,14449.0,9285.0,6333.0,72.0,15.0,2151.0,32382.0,3
2019,3,69.0,1216.0,32764.0,28198.0,13336.0,12987.0,16740.0,6917.0,112227.0,4
2019,3,74.0,840.0,62680.0,13033.0,7171.0,1240.0,614.0,4500.0,90152.0,5
2019,3,83.0,5824.0,240151.0,106651.0,118486.0,146247.0,157546.0,7353.0,782341.0,6
2019,3,10.0,597.0,42231.0,29628.0,10348.0,10388.0,12674.0,4780.0,110656.0,7
2019,3,19.0,4446.0,99656.0,56161.0,17064.0,21216.0,22645.0,15107.0,236314.0,8
2019,3,1110.0,349.0,24943.0,6049.0,7117.0,2262.0,4443.0,100.0,46373.0,9
2019,3,27.0,885.0,31722.0,9240.0,26835.0,56.0,3671.0,16545.0,88981.0,10
2019,3,237.0,3289.0,75849.0,5922.0,1611.0,1359.0,941.0,1618.0,90826.0,11
2019,3,9.0,10.0,38657.0,4786.0,4887.0,22.0,1307.0,0.0,49678.0,12
2019,3,21.0,1269.0,206821.0,2958.0,10093.0,1263.0,349.0,0.0,222774.0,13
2019,3,47.0,1928.0,43530.0,29375.0,11256.0,16107.0,16650.0,12206.0,131099.0,14
2019,3,45.0,2258.0,62909.0,4586.0,9597.0,16923.0,28458.0,122.0,124898.0,15
2019,3,47.0,1234.0,87435.0,2348.0,9779.0,10176.0,15505.0,17719.0,144243.0,16
2019,3,49.0,900.0,43160.0,62230.0,14309.0,11418.0,12357.0,7515.0,151938.0,17
2019,3,22.0,171.0,68315.0,2245.0,1267.0,41.0,128.0,4779.0,76968.0,18
2019,3,57.0,100.0,18643.0,5113.0,467.0,62242.0,5.0,36075.0,122702.0,19
2019,3,28.0,84.0,31612.0,4472.0,1203.0,27.0,4.0,0.0,37430.0,20
2019,3,640.0,8184.0,242454.0,193286.0,107068.0,84325.0,97082.0,19537.0,752576.0,21
2019,3,39.0,1832.0,35554.0,55172.0,3612.0,86.0,1836.0,34501.0,132632.0,22
2019,3,6.0,14.0,32133.0,4692.0,1756.0,82.0,226.0,9648.0,48557.0,23
2019,3,16.0,110.0,71043.0,47693.0,24354.0,843.0,20385.0,0.0,164444.0,24
2019,2,199768.0,46852.0,1436259.0,217785.0,438663.0,502275.0,985767.0,43438.0,3870807.0,1
2019,2,34.0,43.0,16631.0,8670.0,6049.0,34.0,10.0,2151.0,33622.0,3
2019,2,69.0,1383.0,38488.0,26431.0,16789.0,15348.0,9904.0,1492.0,109904.0,4
2019,2,66.0,3952.0,69032.0,10049.0,1495.0,74.0,165.0,4500.0,89333.0,5
2019,2,81.0,8165.0,248427.0,100512.0,157458.0,170159.0,76053.0,8938.0,769793.0,6
2019,2,10.0,3012.0,40424.0,27774.0,13114.0,11928.0,7119.0,6080.0,109461.0,7
2019,2,18.0,5905.0,100687.0,52316.0,23196.0,24221.0,10664.0,17206.0,234213.0,8
2019,2,1110.0,349.0,26512.0,5399.0,8384.0,2639.0,2258.0,100.0,46751.0,9
2019,2,27.0,940.0,26233.0,8441.0,26700.0,27.0,2600.0,21765.0,86733.0,10
2019,2,236.0,3289.0,75406.0,5191.0,1366.0,1445.0,629.0,2661.0,90223.0,11
2019,2,47.0,2226.0,45769.0,27385.0,15408.0,18882.0,8129.0,12206.0,130052.0,14
2019,2,302.0,3038.0,61776.0,4688.0,17318.0,21210.0,14132.0,422.0,122886.0,15
2019,2,384.0,1354.0,86366.0,2201.0,10291.0,12407.0,6907.0,18519.0,138429.0,16
2019,2,49.0,974.0,59638.0,36923.0,16961.0,14059.0,6461.0,7585.0,142650.0,17
2019,2,22.0,213.0,60913.0,2177.0,785.0,7.0,4.0,6119.0,70240.0,18
2019,2,57.0,102.0,16575.0,4964.0,467.0,57236.0,5.0,37977.0,117383.0,19
2019,2,321.0,8427.0,300124.0,125176.0,129741.0,100131.0,49865.0,22323.0,736108.0,21
2019,2,39.0,1832.0,63268.0,21362.0,3741.0,108.0,1205.0,34501.0,126056.0,22
2019,1,162513.0,72296.0,1429964.0,202511.0,576428.0,576859.0,705769.0,6369.0,3732709.0,1
2019,1,74.0,7417.0,283787.0,131007.0,330122.0,365713.0,283463.0,0.0,1401583.0,2
2019,1,34.0,1708.0,18761.0,6443.0,5606.0,29.0,7.0,2151.0,34739.0,3
2019,1,69.0,3801.0,38719.0,25632.0,18965.0,12393.0,6368.0,1035.0,106982.0,4
2019,1,66.0,3938.0,71077.0,6571.0,787.0,74.0,165.0,0.0,82678.0,5
2019,1,81.0,20403.0,242769.0,96997.0,200681.0,127965.0,50716.0,6806.0,746418.0,6
2019,1,10.0,6470.0,38402.0,26562.0,15498.0,9688.0,5029.0,0.0,101659.0,7
2019,1,18.0,9217.0,107013.0,50068.0,28957.0,18146.0,7619.0,12142.0,233180.0,8
2019,1,1110.0,3023.0,23085.0,5301.0,9027.0,2099.0,1654.0,0.0,45299.0,9
2019,1,27.0,2817.0,30727.0,7811.0,4021.0,30.0,1141.0,37162.0,83736.0,10
2019,1,236.0,8327.0,70538.0,4466.0,1061.0,1354.0,405.0,698.0,87085.0,11
2019,1,9.0,1169.0,40285.0,4088.0,5216.0,17.0,869.0,0.0,51653.0,12
2019,1,20.0,1786.0,205383.0,2837.0,5702.0,111.0,140.0,0.0,215979.0,13
2019,1,47.0,5946.0,45266.0,25890.0,19111.0,16552.0,5167.0,7654.0,125633.0,14
2019,1,1328.0,3055.0,52360.0,1781.0,21452.0,17135.0,11026.0,6105.0,114242.0,15
2019,1,384.0,1583.0,84845.0,2037.0,13615.0,9567.0,5076.0,3719.0,120826.0,16
2019,1,49.0,4232.0,59244.0,36473.0,22910.0,10861.0,2242.0,1.0,136012.0,17
2019,1,22.0,229.0,62380.0,266.0,520.0,3.0,2.0,560.0,63982.0,18
2019,1,57.0,120.0,21380.0,53214.0,345.0,6.0,2.0,23577.0,98701.0,19
2019,1,25.0,128.0,21990.0,2731.0,702.0,26.0,4.0,0.0,25606.0,20
2019,1,333.0,29350.0,296798.0,122959.0,153212.0,74575.0,36502.0,18591.0,732320.0,21
2019,1,39.0,3372.0,62895.0,20691.0,3959.0,85.0,494.0,0.0,91535.0,22
2019,1,6.0,131.0,38851.0,3623.0,641.0,80.0,29.0,0.0,43361.0,23
2019,1,16.0,5188.0,82240.0,42877.0,26210.0,847.0,14839.0,0.0,172217.0,24
2018,4,134673.0,73761.0,1422463.0,194426.0,577679.0,949093.0,265386.0,19125.0,3636606.0,1
2018,4,74.0,7388.0,283281.0,143309.0,330496.0,437662.0,186810.0,0.0,1389020.0,2
2018,4,34.0,1669.0,17955.0,6425.0,5461.0,29.0,7.0,2003.0,33583.0,3
2018,4,69.0,3405.0,36437.0,25633.0,18965.0,12393.0,6368.0,0.0,103270.0,4
2018,4,66.0,3917.0,66061.0,6215.0,531.0,623.0,165.0,1144.0,78722.0,5
2018,4,81.0,24102.0,228475.0,97277.0,201639.0,128053.0,48809.0,8903.0,737339.0,6
2018,4,10.0,6438.0,37376.0,26562.0,15498.0,9688.0,5029.0,0.0,100601.0,7
2018,4,18.0,8769.0,94780.0,50027.0,29002.0,18146.0,7612.0,13693.0,222047.0,8
2018,4,1110.0,3074.0,22962.0,5285.0,9027.0,2092.0,1654.0,0.0,45204.0,9
2018,4,27.0,2803.0,30727.0,7811.0,4021.0,30.0,1141.0,43573.0,90133.0,10
2018,4,241.0,7727.0,70508.0,3661.0,978.0,1328.0,270.0,923.0,85636.0,11
2018,4,9.0,1164.0,40285.0,4088.0,5216.0,17.0,869.0,3.0,51651.0,12
2018,4,20.0,1463.0,197450.0,2494.0,4726.0,19.0,132.0,0.0,206304.0,13
2018,4,47.0,5981.0,43267.0,26019.0,19226.0,16566.0,5167.0,0.0,116273.0,14
2018,4,1328.0,3044.0,52313.0,1781.0,21452.0,17135.0,11025.0,6287.0,114365.0,15
2018,4,384.0,1225.0,83412.0,643.0,13440.0,9569.0,5070.0,3094.0,116837.0,16
2018,4,49.0,3659.0,58492.0,36365.0,22910.0,10861.0,2242.0,0.0,134578.0,17
2018,4,22.0,1465.0,59811.0,180.0,312.0,1.0,1.0,606.0,62398.0,18
2018,4,57.0,109.0,19164.0,53183.0,119.0,62.0,2.0,23635.0,96331.0,19
2018,4,25.0,115.0,23107.0,779.0,206.0,1.0,4.0,531.0,24768.0,20
2018,4,335.0,31397.0,276301.0,121009.0,152039.0,74432.0,36427.0,28450.0,720390.0,21
2018,4,39.0,3250.0,61347.0,20127.0,3686.0,77.0,483.0,326.0,89335.0,22
2018,4,6.0,27.0,29919.0,6323.0,9894.0,24.0,67.0,0.0,46260.0,23
2018,4,16.0,5244.0,82089.0,42766.0,26111.0,847.0,14839.0,92.0,172004.0,24
2018,3,991.0,80459.0,1445733.0,190805.0,636090.0,897964.0,237248.0,120464.0,3609754.0,1
2018,3,73.0,8493.0,287919.0,147253.0,370677.0,415020.0,165055.0,0.0,1394490.0,2
2018,3,34.0,1994.0,18475.0,6358.0,5320.0,34.0,7.0,2151.0,34373.0,3
2018,3,70.0,3503.0,38729.0,24916.0,20335.0,11085.0,5667.0,1035.0,105340.0,4
2018,3,67.0,3951.0,91096.0,6162.0,531.0,623.0,164.0,0.0,102594.0,5
2018,3,81.0,24767.0,224471.0,96372.0,221984.0,109333.0,39854.0,6490.0,723352.0,6
2018,3,11.0,6754.0,38364.0,24953.0,16601.0,8357.0,4419.0,0.0,99459.0,7
2018,3,18.0,9048.0,96095.0,45651.0,31353.0,15111.0,6786.0,0.0,204062.0,8
2018,3,1110.0,3365.0,22624.0,5259.0,9336.0,1729.0,1434.0,0.0,44857.0,9
2018,3,345.0,3020.0,29048.0,7756.0,4066.0,39.0,623.0,0.0,44897.0,10
2018,3,242.0,8417.0,68507.0,3153.0,920.0,1189.0,216.0,698.0,83342.0,11
2018,3,9.0,1291.0,40647.0,4138.0,5425.0,20.0,339.0,0.0,51869.0,12
2018,3,20.0,1525.0,199297.0,2476.0,4727.0,27.0,129.0,0.0,208201.0,13
2018,3,48.0,5749.0,39617.0,24747.0,21212.0,14674.0,4547.0,0.0,110594.0,14
2018,3,1396.0,2244.0,55822.0,1647.0,23785.0,15218.0,9718.0,6105.0,115935.0,15
2018,3,409.0,5221.0,75929.0,512.0,14912.0,8470.0,4332.0,3719.0,113504.0,16
2018,3,116.0,3721.0,61795.0,32782.0,25582.0,9224.0,502.0,0.0,133722.0,17
2018,3,22.0,1326.0,62525.0,180.0,312.0,3.0,1.0,0.0,64369.0,18
2018,3,57.0,109.0,19170.0,52940.0,119.0,63.0,2.0,1902.0,74362.0,19
2018,3,26.0,116.0,32815.0,778.0,206.0,1.0,3.0,0.0,33945.0,20
2018,3,467.0,36786.0,269211.0,115907.0,162545.0,62479.0,31266.0,13911.0,692572.0,21
2018,3,41.0,2550.0,60260.0,19116.0,3806.0,64.0,265.0,0.0,86102.0,22
2018,3,6.0,187.0,41569.0,2270.0,231.0,24.0,13.0,0.0,44300.0,23
2018,3,16.0,5993.0,81559.0,43282.0,27062.0,941.0,12187.0,0.0,171040.0,24
2018,2,1009.0,81354.0,1459443.0,295457.0,816056.0,536049.0,199589.0,113357.0,3502314.0,1
2018,2,73.0,9234.0,290291.0,219166.0,445345.0,264805.0,142253.0,0.0,1371167.0,2
2018,2,34.0,2414.0,14624.0,6112.0,4347.0,36.0,6.0,6500.0,34073.0,3
2018,2,70.0,2968.0,34167.0,24282.0,21887.0,9251.0,4630.0,1035.0,98290.0,4
2018,2,67.0,4471.0,85598.0,5369.0,4.0,5.0,9.0,5010.0,100533.0,5
2018,2,81.0,21779.0,219630.0,102596.0,244291.0,78852.0,34950.0,8110.0,710289.0,6
2018,2,11.0,7047.0,38268.0,24066.0,17926.0,6780.0,3862.0,0.0,97960.0,7
2018,2,18.0,8179.0,94459.0,44570.0,34281.0,12012.0,5920.0,0.0,199439.0,8
2018,2,1110.0,3568.0,22409.0,5176.0,9727.0,1313.0,1243.0,0.0,44546.0,9
2018,2,345.0,3320.0,29319.0,8083.0,3977.0,44.0,7.0,0.0,45095.0,10
2018,2,244.0,8797.0,68083.0,2409.0,965.0,969.0,179.0,698.0,82344.0,11
2018,2,9.0,1384.0,40679.0,4198.0,5640.0,20.0,15.0,0.0,51945.0,12
2018,2,20.0,1658.0,164596.0,515.0,266.0,17.0,72.0,33788.0,200932.0,13
2018,2,48.0,6092.0,39489.0,23569.0,23747.0,11888.0,3866.0,0.0,108699.0,14
2018,2,1396.0,2408.0,56035.0,1314.0,26417.0,12442.0,8551.0,6105.0,114668.0,15
2018,2,409.0,5298.0,75056.0,523.0,16480.0,6663.0,3725.0,3975.0,112129.0,16
2018,2,116.0,3990.0,61763.0,33285.0,28431.0,7239.0,182.0,0.0,135006.0,17
2018,2,22.0,1378.0,57591.0,11.0,0.0,3.0,0.0,5068.0,64073.0,18
2018,2,57.0,101.0,11992.0,11.0,0.0,7.0,2.0,9284.0,21454.0,19
2018,2,26.0,120.0,28600.0,655.0,100.0,1.0,3.0,4267.0,33772.0,20
2018,2,744.0,34267.0,262603.0,112143.0,175540.0,50525.0,26512.0,22257.0,684591.0,21
2018,2,41.0,2717.0,41362.0,18721.0,3278.0,31.0,31.0,17589.0,83770.0,22
2018,2,6.0,188.0,40912.0,2217.0,75.0,0.0,0.0,107.0,43505.0,23
2018,2,16.0,6735.0,79899.0,44968.0,27059.0,1084.0,8784.0,1305.0,169850.0,24
2018,1,1514.0,74766.0,1445752.0,292732.0,886678.0,480237.0,184203.0,105818.0,3471700.0,1
2018,1,89.0,10039.0,292566.0,222737.0,487826.0,227953.0,127384.0,0.0,1368594.0,2
2018,1,34.0,2896.0,14770.0,6145.0,3539.0,41.0,4.0,6500.0,33929.0,3
2018,1,70.0,3261.0,32516.0,24488.0,23296.0,8219.0,3897.0,1035.0,96782.0,4
2018,1,67.0,4314.0,83161.0,5358.0,4.0,5.0,9.0,5010.0,97928.0,5
2018,1,281.0,23922.0,222815.0,104300.0,266259.0,57137.0,29228.0,10049.0,713991.0,6
2018,1,11.0,5005.0,37152.0,24038.0,19068.0,5890.0,3256.0,0.0,94420.0,7
2018,1,18.0,8861.0,90080.0,45599.0,37401.0,9818.0,5071.0,0.0,196848.0,8
2018,1,1110.0,3803.0,10092.0,5117.0,10061.0,1091.0,1046.0,0.0,32320.0,9
2018,1,345.0,4807.0,27219.0,8044.0,3925.0,49.0,4.0,0.0,44393.0,10
2018,1,245.0,8119.0,67104.0,1616.0,1076.0,614.0,98.0,3503.0,82375.0,11
2018,1,9.0,1485.0,40680.0,4217.0,5831.0,19.0,1.0,0.0,52242.0,12
2018,1,20.0,1662.0,164599.0,501.0,266.0,19.0,72.0,33788.0,200927.0,13
2018,1,48.0,4700.0,35820.0,23291.0,26223.0,10241.0,3219.0,0.0,103542.0,14
2018,1,1396.0,2367.0,59468.0,1311.0,29012.0,9709.0,7378.0,6105.0,116746.0,15
2018,1,409.0,5333.0,74894.0,530.0,17997.0,4972.0,3129.0,3975.0,111239.0,16
2018,1,116.0,4459.0,60334.0,33088.0,30771.0,5145.0,88.0,0.0,134001.0,17
2018,1,22.0,1058.0,57078.0,11.0,0.0,3.0,0.0,5068.0,63240.0,18
2018,1,57.0,101.0,11920.0,11.0,0.0,7.0,2.0,9284.0,21382.0,19
2018,1,26.0,120.0,28600.0,655.0,100.0,1.0,3.0,4267.0,33772.0,20
2018,1,1359.0,33639.0,262008.0,108576.0,188900.0,39589.0,22801.0,23181.0,680053.0,21
2018,1,41.0,2910.0,41298.0,18914.0,3449.0,33.0,2.0,17589.0,84236.0,22
2018,1,6.0,307.0,33987.0,2.0,0.0,0.0,0.0,107.0,34409.0,23
2018,1,16.0,7472.0,78811.0,45675.0,26405.0,1218.0,7082.0,1305.0,167984.0,24
2017,4,3865.0,55046.0,1551194.0,264645.0,712513.0,335140.0,151747.0,114182.0,3188332.0,1
2017,4,314.0,31411.0,517018.0,284040.0,458120.0,178396.0,114939.0,0.0,1584238.0,2
2017,4,34.0,3182.0,15315.0,5904.0,2927.0,43.0,2.0,2151.0,29558.0,3
2017,4,70.0,3432.0,37144.0,24088.0,20123.0,7290.0,3289.0,1035.0,96471.0,4
2017,4,67.0,4313.0,83676.0,5355.0,7.0,5.0,9.0,0.0,93432.0,5
2017,4,291.0,25411.0,280837.0,102892.0,217602.0,40898.0,24251.0,8429.0,700611.0,6
2017,4,11.0,5220.0,41080.0,23686.0,16046.0,5053.0,2675.0,0.0,93771.0,7
2017,4,1685.0,9078.0,95466.0,45189.0,30010.0,7958.0,4113.0,0.0,193499.0,8
2017,4,1110.0,4061.0,13220.0,4867.0,6996.0,977.0,824.0,0.0,32055.0,9
2017,4,345.0,5364.0,26566.0,7721.0,3507.0,44.0,3.0,0.0,43550.0,10
2017,4,310.0,8729.0,66053.0,1227.0,792.0,391.0,81.0,3503.0,81086.0,11
2017,4,9.0,1488.0,40777.0,4083.0,5813.0,22.0,3.0,0.0,52195.0,12
2017,4,26.0,1656.0,177646.0,438.0,278.0,29.0,81.0,0.0,180154.0,13
2017,4,1053.0,3900.0,41723.0,23131.0,22262.0,9091.0,2735.0,0.0,103895.0,14
2017,4,1396.0,2372.0,68036.0,1325.0,22781.0,7528.0,6300.0,6105.0,115843.0,15
2017,4,409.0,5598.0,81078.0,485.0,12502.0,3447.0,2440.0,3719.0,109678.0,16
2017,4,636.0,4275.0,73284.0,32842.0,18968.0,3559.0,84.0,0.0,133648.0,17
2017,4,22.0,1062.0,57525.0,9.0,0.0,2.0,2.0,0.0,58622.0,18
2017,4,59.0,101.0,12822.0,8.0,0.0,1.0,7.0,1902.0,14900.0,19
2017,4,68.0,78.0,29073.0,655.0,100.0,1.0,3.0,0.0,29978.0,20
2017,4,3109.0,34132.0,309998.0,108939.0,151329.0,30736.0,19602.0,14119.0,671964.0,21
2017,4,41.0,3091.0,43544.0,18773.0,3359.0,32.0,2.0,0.0,68842.0,22
2017,4,6.0,310.0,31334.0,2.0,0.0,0.0,0.0,0.0,31652.0,23
2017,4,105.0,8164.0,78750.0,45241.0,24318.0,1303.0,4367.0,0.0,162248.0,24
2017,3,6577.0,51411.0,1733479.0,311652.0,676137.0,140812.0,108400.0,0.0,3028468.0,1
2017,3,283.0,33924.0,590689.0,311411.0,426300.0,120675.0,91917.0,0.0,1575199.0,2
2017,3,52.0,3204.0,15383.0,5758.0,2563.0,50.0,1.0,0.0,27011.0,3
2017,3,95.0,3496.0,40059.0,23008.0,20307.0,3827.0,2004.0,0.0,92796.0,4
2017,3,436.0,3989.0,71843.0,2336.0,3.0,0.0,0.0,0.0,78607.0,5
2017,3,327.0,26154.0,309161.0,100113.0,189302.0,38131.0,16741.0,0.0,679929.0,6
2017,3,24.0,5629.0,44305.0,22785.0,15576.0,2635.0,1607.0,0.0,92561.0,7
2017,3,1691.0,7545.0,98032.0,42947.0,29011.0,3878.0,2397.0,0.0,185501.0,8
2017,3,1063.0,3716.0,13752.0,5187.0,6056.0,899.0,459.0,0.0,31132.0,9
2017,3,337.0,5723.0,26835.0,7369.0,2962.0,41.0,2.0,0.0,43269.0,10
2017,3,343.0,8244.0,64794.0,855.0,588.0,327.0,51.0,0.0,75202.0,11
2017,3,16.0,1497.0,40882.0,3899.0,5604.0,23.0,3.0,0.0,51924.0,12
2017,3,32.0,95.0,158461.0,115.0,67.0,29.0,19.0,0.0,158818.0,13
2017,3,1058.0,4123.0,42900.0,22808.0,23913.0,3843.0,1881.0,0.0,100526.0,14
2017,3,2036.0,1457.0,72532.0,1034.0,20213.0,7067.0,4937.0,0.0,109276.0,15
2017,3,422.0,5641.0,83900.0,306.0,10116.0,2965.0,1659.0,0.0,105009.0,16
2017,3,645.0,4494.0,78830.0,32433.0,14620.0,2315.0,63.0,0.0,133400.0,17
2017,3,31.0,1077.0,57582.0,1.0,0.0,2.0,2.0,0.0,58695.0,18
2017,3,63.0,3.0,12325.0,7.0,0.0,1.0,7.0,0.0,12406.0,19
2017,3,188.0,23.0,29102.0,542.0,66.0,33.0,1.0,0.0,29955.0,20
2017,3,3116.0,34019.0,320017.0,104453.0,125339.0,24536.0,12982.0,0.0,624462.0,21
2017,3,69.0,3288.0,40435.0,18489.0,3047.0,30.0,2.0,0.0,65360.0,22
2017,3,9.0,297.0,33858.0,0.0,0.0,0.0,0.0,0.0,34164.0,23
2017,3,109.0,8948.0,83070.0,45302.0,20514.0,1361.0,655.0,0.0,159959.0,24
2017,2,7548.0,47472.0,1910156.0,299009.0,573298.0,93059.0,46178.0,0.0,2976720.0,1
2017,2,556.0,35663.0,726223.0,304970.0,378571.0,80234.0,37977.0,0.0,1564194.0,2
2017,2,15.0,3318.0,15655.0,5325.0,2342.0,47.0,1.0,0.0,26703.0,3
2017,2,191.0,3733.0,42590.0,22349.0,18044.0,3157.0,545.0,0.0,90609.0,4
2017,2,403.0,4186.0,73760.0,1880.0,0.0,0.0,0.0,0.0,80229.0,5
2017,2,251.0,26862.0,370865.0,88479.0,146683.0,20351.0,5069.0,0.0,658560.0,6
2017,2,15.0,5912.0,46483.0,21776.0,13043.0,2218.0,647.0,0.0,90094.0,7
2017,2,1680.0,7944.0,104422.0,41800.0,23524.0,2604.0,823.0,0.0,182797.0,8
2017,2,1486.0,3419.0,14787.0,4795.0,4583.0,749.0,139.0,0.0,29958.0,9
2017,2,311.0,5877.0,26915.0,6974.0,2538.0,42.0,1.0,0.0,42658.0,10
2017,2,356.0,8633.0,59045.0,558.0,336.0,244.0,21.0,0.0,69193.0,11
2017,2,9.0,1554.0,9304.0,3599.0,1796.0,24.0,2.0,0.0,16288.0,12
2017,2,109.0,24.0,177203.0,92.0,50.0,5.0,22.0,0.0,177505.0,13
2017,2,1011.0,4447.0,47244.0,22033.0,21599.0,2892.0,570.0,0.0,99796.0,14
2017,2,1542.0,1395.0,81272.0,849.0,18051.0,4774.0,1703.0,0.0,109586.0,15
2017,2,973.0,5606.0,88085.0,245.0,7990.0,1921.0,559.0,0.0,105379.0,16
2017,2,594.0,4719.0,67576.0,23185.0,11333.0,1068.0,76.0,0.0,108551.0,17
2017,2,15.0,193.0,58588.0,0.0,0.0,0.0,4.0,0.0,58800.0,18
2017,2,8.0,4.0,14014.0,0.0,0.0,1.0,2.0,0.0,14029.0,19
2017,2,188.0,24.0,30913.0,541.0,66.0,33.0,0.0,0.0,31765.0,20
2017,2,4967.0,38721.0,311830.0,92854.0,97563.0,16794.0,4275.0,0.0,567004.0,21
2017,2,26.0,3539.0,20384.0,6432.0,2802.0,16.0,0.0,0.0,33199.0,22
2017,2,16.0,285.0,35409.0,0.0,0.0,0.0,0.0,0.0,35710.0,23
2017,2,96.0,9236.0,83342.0,42536.0,17788.0,1371.0,21.0,0.0,154390.0,24
2017,1,6017.0,83918.0,2057698.16,402315.0,523540.0,90937.0,22299.0,0.0,3186724.16,1
2017,1,510.0,1409.0,678921.84,218487.0,277195.0,66536.0,19881.0,0.0,1262939.84,2
2017,1,15.0,3328.0,15861.0,4901.0,2161.0,49.0,0.0,0.0,26315.0,3
2017,1,191.0,3835.0,44544.0,21467.0,15671.0,3025.0,314.0,0.0,89047.0,4
2017,1,401.0,4182.0,73759.0,1808.0,0.0,0.0,0.0,0.0,80150.0,5
2017,1,50.0,28732.0,391556.0,82011.0,118643.0,19035.0,2071.0,0.0,642098.0,6
2017,1,15.0,6040.0,48149.0,20586.0,11468.0,2044.0,303.0,0.0,88605.0,7
2017,1,1680.0,8080.0,108379.0,39146.0,20562.0,2254.0,317.0,0.0,180418.0,8
2017,1,1535.0,3538.0,15473.0,4446.0,4058.0,635.0,22.0,0.0,29707.0,9
2017,1,330.0,6213.0,27824.0,6486.0,2306.0,44.0,0.0,0.0,43203.0,10
2017,1,362.0,9279.0,57739.0,331.0,192.0,165.0,11.0,0.0,68079.0,11
2017,1,9.0,1578.0,9486.0,3409.0,1718.0,22.0,2.0,0.0,16224.0,12
2017,1,106.0,15.0,177201.0,86.0,50.0,5.0,22.0,0.0,177485.0,13
2017,1,1010.0,4665.0,45950.0,23847.0,19356.0,2627.0,166.0,0.0,97621.0,14
2017,1,1547.0,1418.0,83813.0,902.0,15130.0,4223.0,458.0,0.0,107491.0,15
2017,1,986.0,5647.0,89622.0,246.0,6738.0,1594.0,200.0,0.0,105033.0,16
2017,1,579.0,4861.0,70922.0,21554.0,9386.0,267.0,74.0,0.0,107643.0,17
2017,1,8.0,192.0,58588.0,0.0,0.0,0.0,4.0,0.0,58792.0,18
2017,1,8.0,4.0,14014.0,0.0,0.0,1.0,2.0,0.0,14029.0,19
2017,1,190.0,23.0,31078.0,474.0,68.0,30.0,0.0,0.0,31863.0,20
2017,1,4966.0,39463.0,340418.0,77152.0,83008.0,15775.0,1831.0,0.0,562613.0,21
2017,1,26.0,3772.0,21659.0,6218.0,2786.0,17.0,0.0,0.0,34478.0,22
2017,1,16.0,285.0,35409.0,0.0,0.0,0.0,0.0,0.0,35710.0,23
2017,1,96.0,9682.0,86470.0,39155.0,15951.0,1383.0,13.0,0.0,152750.0,24
2016,4,6055.0,86281.0,2085604.6,403575.0,467398.0,72348.0,17279.0,0.0,3138540.6,1
2016,4,517.0,1477.0,704324.4,225723.0,264582.0,53506.0,16756.0,0.0,1266885.4,2
2016,4,15.0,3478.0,16519.0,4889.0,2077.0,54.0,0.0,0.0,27032.0,3
2016,4,191.0,3983.0,45634.0,21323.0,14887.0,2586.0,250.0,0.0,88854.0,4
2016,4,401.0,4493.0,73951.0,1352.0,0.0,0.0,0.0,0.0,80197.0,5
2016,4,50.0,29380.0,404645.0,77966.0,108368.0,15458.0,1606.0,0.0,637473.0,6
2016,4,15.0,6109.0,48995.0,20187.0,10908.0,1645.0,234.0,0.0,88093.0,7
2016,4,1680.0,8253.0,110296.0,38491.0,19509.0,1801.0,280.0,0.0,180310.0,8
2016,4,1573.0,3519.0,15791.0,4114.0,3855.0,649.0,17.0,0.0,29518.0,9
2016,4,303.0,6225.0,27778.0,6143.0,2134.0,43.0,0.0,0.0,42626.0,10
2016,4,368.0,9789.0,56694.0,16.0,335.0,132.0,11.0,0.0,67345.0,11
2016,4,9.0,1646.0,9635.0,3334.0,1675.0,13.0,3.0,0.0,16315.0,12
2016,4,114.0,16.0,177194.0,79.0,49.0,5.0,20.0,0.0,177477.0,13
2016,4,1010.0,4783.0,47454.0,23433.0,18371.0,2215.0,126.0,0.0,97392.0,14
2016,4,1539.0,1406.0,84859.0,792.0,14153.0,3073.0,271.0,0.0,106093.0,15
2016,4,998.0,2953.0,92967.0,248.0,6317.0,1174.0,122.0,0.0,104779.0,16
2016,4,577.0,5027.0,71636.0,20787.0,8611.0,239.0,70.0,0.0,106947.0,17
2016,4,8.0,220.0,58608.0,0.0,0.0,0.0,4.0,0.0,58840.0,18
2016,4,8.0,4.0,14014.0,0.0,0.0,1.0,2.0,0.0,14029.0,19
2016,4,189.0,23.0,31369.0,342.0,80.0,10.0,0.0,0.0,32013.0,20
2016,4,4966.0,40102.0,349722.0,74401.0,77667.0,13155.0,1529.0,0.0,561542.0,21
2016,4,26.0,3925.0,22246.0,6178.0,2664.0,15.0,0.0,0.0,35054.0,22
2016,4,16.0,285.0,35409.0,0.0,0.0,0.0,0.0,0.0,35710.0,23
2016,4,96.0,10021.0,87994.0,37721.0,14389.0,1400.0,10.0,0.0,151631.0,24
2016,3,5856.0,107945.0,2148475.16,393530.0,399116.0,52900.0,13318.0,0.0,3121140.16,1
2016,3,331.0,995.0,759027.84,208249.0,240856.0,38341.0,13886.0,0.0,1261685.84,2
2016,3,15.0,4038.0,16183.0,4845.0,1853.0,50.0,0.0,0.0,26984.0,3
2016,3,190.0,5227.0,46821.0,21193.0,13746.0,2022.0,217.0,0.0,89416.0,4
2016,3,466.0,5190.0,74375.0,674.0,0.0,0.0,0.0,0.0,80705.0,5
2016,3,48.0,41329.0,415075.0,75988.0,99225.0,11691.0,1322.0,0.0,644678.0,6
2016,3,15.0,7425.0,49471.0,19956.0,10006.0,1263.0,210.0,0.0,88346.0,7
2016,3,1768.0,10657.0,110844.0,38665.0,17737.0,1307.0,248.0,0.0,181226.0,8
2016,3,1723.0,4277.0,15581.0,3964.0,3658.0,648.0,10.0,0.0,29861.0,9
2016,3,286.0,6878.0,27425.0,5943.0,1978.0,31.0,0.0,0.0,42541.0,10
2016,3,374.0,10187.0,55792.0,15.0,224.0,114.0,11.0,0.0,66717.0,11
2016,3,9.0,2349.0,9686.0,3316.0,1562.0,11.0,2.0,0.0,16935.0,12
2016,3,37.0,10.0,178186.0,73.0,48.0,5.0,17.0,0.0,178376.0,13
2016,3,1010.0,6030.0,48871.0,23394.0,17043.0,1559.0,91.0,0.0,97998.0,14
2016,3,1531.0,1527.0,87404.0,680.0,12541.0,2118.0,225.0,0.0,106026.0,15
2016,3,1007.0,6026.0,90689.0,207.0,5953.0,790.0,99.0,0.0,104771.0,16
2016,3,1107.0,6922.0,71214.0,20229.0,8099.0,197.0,50.0,0.0,107818.0,17
2016,3,8.0,245.0,58577.0,0.0,0.0,0.0,2.0,0.0,58832.0,18
2016,3,7.0,4.0,14077.0,0.0,0.0,1.0,2.0,0.0,14091.0,19
2016,3,189.0,22.0,31904.0,221.0,52.0,9.0,0.0,0.0,32397.0,20
2016,3,3958.0,49501.0,360606.0,72657.0,69864.0,10210.0,1308.0,0.0,568104.0,21
2016,3,26.0,5097.0,22747.0,6216.0,2497.0,9.0,0.0,0.0,36592.0,22
2016,3,16.0,285.0,35080.0,0.0,0.0,0.0,0.0,0.0,35381.0,23
2016,3,127.0,12247.0,87970.0,36518.0,13150.0,1288.0,4.0,0.0,151304.0,24
2016,2,10786.0,133385.0,2250898.04,335296.0,334723.0,31494.0,11933.0,0.0,3108515.04,1
2016,2,4352.0,1736.0,859038.96,146091.0,213010.0,19597.0,13477.0,0.0,1257301.96,2
2016,2,15.0,5736.0,14742.0,4567.0,1496.0,47.0,1.0,0.0,26604.0,3
2016,2,197.0,8063.0,45823.0,20346.0,12090.0,1571.0,201.0,0.0,88291.0,4
2016,2,572.0,5421.0,73078.0,775.0,0.0,0.0,0.0,0.0,79846.0,5
2016,2,258.0,57050.0,437547.0,71980.0,82618.0,8355.0,1242.0,0.0,659050.0,6
2016,2,41.0,10018.0,47916.0,19200.0,8851.0,803.0,191.0,0.0,87020.0,7
2016,2,4734.0,16368.0,115000.0,36917.0,15522.0,849.0,205.0,0.0,189595.0,8
2016,2,1675.0,5401.0,14370.0,3569.0,3218.0,593.0,10.0,0.0,28836.0,9
2016,2,2561.0,8292.0,25301.0,5589.0,1750.0,3.0,0.0,0.0,43496.0,10
2016,2,429.0,10616.0,63928.0,15.0,119.0,96.0,11.0,0.0,75214.0,11
2016,2,10.0,3151.0,9043.0,3190.0,1344.0,3.0,5.0,0.0,16746.0,12
2016,2,437.0,30.0,176922.0,61.0,44.0,5.0,20.0,0.0,177519.0,13
2016,2,1973.0,7899.0,49586.0,21385.0,14820.0,1073.0,96.0,0.0,96832.0,14
2016,2,1916.0,1691.0,88854.0,583.0,10241.0,1285.0,208.0,0.0,104778.0,15
2016,2,1189.0,6107.0,92158.0,194.0,4877.0,520.0,86.0,0.0,105131.0,16
2016,2,2160.0,10123.0,70875.0,18759.0,7129.0,140.0,49.0,0.0,109235.0,17
2016,2,10.0,273.0,57589.0,0.0,0.0,0.0,4.0,0.0,57876.0,18
2016,2,12.0,4.0,13931.0,0.0,0.0,1.0,2.0,0.0,13950.0,19
2016,2,244.0,26.0,31995.0,142.0,20.0,0.0,0.0,0.0,32427.0,20
2016,2,9486.0,67325.0,374960.0,68505.0,60469.0,6509.0,1277.0,0.0,588531.0,21
2016,2,704.0,6705.0,22208.0,5943.0,2108.0,1.0,0.0,0.0,37669.0,22
2016,2,16.0,286.0,38773.0,0.0,0.0,0.0,0.0,0.0,39075.0,23
2016,2,231.0,18515.0,83945.0,33891.0,11310.0,1032.0,2.0,0.0,148926.0,24
2016,1,7350.92,97879.92,2214759.68,289929.08,247372.32,8315.0,9528.88,0.0,2875135.8,1
2016,1,2310.08,43686.08,869048.3200000001,178664.91999999998,192643.68,6577.0,10838.12,0.0,1303768.2000000002,2
2016,1,15.0,6102.0,14653.0,4241.0,1334.0,42.0,1.0,0.0,26388.0,3
2016,1,194.0,8755.0,46304.0,19388.0,10587.0,1238.0,184.0,0.0,86650.0,4
2016,1,94.0,5095.0,72396.0,1066.0,0.0,0.0,0.0,0.0,78651.0,5
2016,1,148.0,59484.0,414452.0,65763.0,66455.0,4143.0,1039.0,0.0,611484.0,6
2016,1,29.0,10690.0,47833.0,18375.0,7911.0,526.0,170.0,0.0,85534.0,7
2016,1,2864.0,17749.0,104137.0,35104.0,14057.0,457.0,165.0,0.0,174533.0,8
2016,1,1738.0,5731.0,14163.0,3229.0,2906.0,544.0,5.0,0.0,28316.0,9
2016,1,2543.0,8558.0,22383.0,5188.0,1623.0,0.0,0.0,0.0,40295.0,10
2016,1,426.0,11065.0,52117.0,15.0,78.0,71.0,11.0,0.0,63783.0,11
2016,1,10.0,3382.0,9060.0,2980.0,1254.0,2.0,3.0,0.0,16691.0,12
2016,1,235.0,21.0,175376.0,47.0,43.0,5.0,17.0,0.0,175744.0,13
2016,1,959.0,8502.0,50061.0,19195.0,13363.0,779.0,68.0,0.0,92927.0,14
2016,1,1720.0,1737.0,86310.0,479.0,7893.0,143.0,171.0,0.0,98453.0,15
2016,1,1171.0,6105.0,90038.0,203.0,4246.0,77.0,81.0,0.0,101921.0,16
2016,1,1119.0,10765.0,65646.0,17748.0,6643.0,119.0,31.0,0.0,102071.0,17
2016,1,9.0,309.0,56447.0,0.0,0.0,0.0,2.0,0.0,56767.0,18
2016,1,8.0,4.0,13645.0,0.0,0.0,1.0,2.0,0.0,13660.0,19
2016,1,168.0,29.0,32188.0,8.0,0.0,0.0,0.0,0.0,32393.0,20
2016,1,6492.0,71565.0,353525.0,64117.0,51293.0,3754.0,1063.0,0.0,551809.0,21
2016,1,703.0,7219.0,22805.0,5769.0,1898.0,0.0,0.0,0.0,38394.0,22
2016,1,16.0,285.0,33003.0,0.0,0.0,0.0,0.0,0.0,33304.0,23
2016,1,106.0,20092.0,84008.0,31490.0,10046.0,871.0,0.0,0.0,146613.0,24
2015,4,7984.92,100302.64,2253196.96,274559.6,240187.64,3834.52,8179.96,0.0,2888246.24,1
2015,4,2417.08,46568.36,916813.04,172029.4,198635.36,3087.48,10899.04,0.0,1350449.7599999998,2
2015,4,15.0,6513.0,14484.0,4106.0,1313.0,39.0,1.0,0.0,26471.0,3
2015,4,194.0,9593.0,46771.0,18608.0,10092.0,1136.0,159.0,0.0,86553.0,4
2015,4,625.0,5774.0,71881.0,168.0,0.0,0.0,0.0,0.0,78448.0,5
2015,4,148.0,63746.0,427471.0,62989.0,67151.0,3336.0,1088.0,0.0,625929.0,6
2015,4,29.0,11248.0,48104.0,17877.0,7569.0,456.0,150.0,0.0,85433.0,7
2015,4,2865.0,18883.0,104224.0,33989.0,13668.0,399.0,163.0,0.0,174191.0,8
2015,4,1791.0,6081.0,14279.0,2704.0,2713.0,519.0,4.0,0.0,28091.0,9
2015,4,2551.0,8876.0,21867.0,5044.0,1587.0,0.0,0.0,0.0,39925.0,10
2015,4,592.0,12951.0,48798.0,16.0,63.0,49.0,10.0,0.0,62479.0,11
2015,4,10.0,3638.0,9127.0,2937.0,1215.0,2.0,3.0,0.0,16932.0,12
2015,4,241.0,23.0,174719.0,38.0,41.0,5.0,13.0,0.0,175080.0,13
2015,4,959.0,9169.0,51029.0,17281.0,13690.0,675.0,52.0,0.0,92855.0,14
2015,4,1727.0,2061.0,89678.0,455.0,7934.0,9.0,175.0,0.0,102039.0,15
2015,4,3282.0,4473.0,89062.0,201.0,4024.0,5.0,75.0,0.0,101122.0,16
2015,4,1122.0,11387.0,65677.0,17139.0,6507.0,99.0,5.0,0.0,101936.0,17
2015,4,9.0,386.0,55761.0,0.0,0.0,0.0,2.0,0.0,56158.0,18
2015,4,8.0,4.0,13473.0,0.0,0.0,1.0,2.0,0.0,13488.0,19
2015,4,188.0,26.0,32338.0,3.0,0.0,0.0,0.0,0.0,32555.0,20
2015,4,6659.0,75770.0,361264.0,60985.0,51258.0,3079.0,1189.0,0.0,560204.0,21
2015,4,703.0,7836.0,23074.0,5669.0,1856.0,0.0,0.0,0.0,39138.0,22
2015,4,16.0,285.0,32662.0,0.0,0.0,0.0,0.0,0.0,32963.0,23
2015,4,107.0,21800.0,83887.0,29942.0,9507.0,837.0,0.0,0.0,146080.0,24
2015,3,8361.0,107351.48,2266948.24,262563.76,200490.96,2642.32,7720.0,0.0,2856077.76,1
2015,3,2448.0,49339.52,942524.76,159618.24,175594.04,2027.68,10022.0,0.0,1341574.24,2
2015,3,15.0,6871.0,14206.0,4143.0,812.0,43.0,1.0,0.0,26091.0,3
2015,3,240.0,10353.0,47131.0,19016.0,7498.0,979.0,157.0,0.0,85374.0,4
2015,3,641.0,5886.0,71668.0,167.0,0.0,0.0,0.0,0.0,78362.0,5
2015,3,150.0,68765.0,429787.0,61109.0,59372.0,2582.0,1048.0,0.0,622813.0,6
2015,3,33.0,11921.0,48127.0,18168.0,6111.0,453.0,146.0,0.0,84959.0,7
2015,3,2863.0,20385.0,103990.0,34788.0,9924.0,384.0,153.0,0.0,172487.0,8
2015,3,1862.0,6521.0,14354.0,2791.0,1842.0,379.0,2.0,0.0,27751.0,9
2015,3,2549.0,9278.0,21588.0,5169.0,966.0,0.0,0.0,0.0,39550.0,10
2015,3,613.0,13087.0,47660.0,9.0,55.0,39.0,10.0,0.0,61473.0,11
2015,3,10.0,3840.0,9102.0,2984.0,832.0,0.0,3.0,0.0,16771.0,12
2015,3,256.0,25.0,173430.0,45.0,18.0,5.0,13.0,0.0,173792.0,13
2015,3,958.0,9809.0,51234.0,17367.0,11654.0,559.0,43.0,0.0,91624.0,14
2015,3,1733.0,2124.0,85044.0,210.0,6599.0,2.0,155.0,0.0,95867.0,15
2015,3,3372.0,4457.0,88691.0,99.0,3826.0,1.0,62.0,0.0,100508.0,16
2015,3,1126.0,12223.0,65405.0,17451.0,4318.0,61.0,5.0,0.0,100589.0,17
2015,3,9.0,391.0,54963.0,0.0,0.0,0.0,2.0,0.0,55365.0,18
2015,3,9.0,4.0,13286.0,0.0,0.0,1.0,2.0,0.0,13302.0,19
2015,3,190.0,25.0,32266.0,2.0,0.0,0.0,0.0,0.0,32483.0,20
2015,3,6767.0,80817.0,363177.0,59531.0,42021.0,2320.0,1133.0,0.0,555766.0,21
2015,3,703.0,8332.0,23158.0,5956.0,1249.0,0.0,0.0,0.0,39398.0,22
2015,3,15.0,285.0,36408.0,2.0,0.0,0.0,0.0,0.0,36710.0,23
2015,3,107.0,23687.0,83654.0,29998.0,6232.0,623.0,0.0,0.0,144301.0,24
2015,2,8714.0,137188.96,2299705.32,243502.6,159921.64,2009.68,6712.0,0.0,2857754.2,1
2015,2,2493.0,51799.04,990111.68,148569.4,142976.36,1482.32,9258.0,0.0,1346689.8,2
2015,2,15.0,7253.0,14003.0,3776.0,593.0,37.0,1.0,0.0,25678.0,3
2015,2,288.0,11058.0,47551.0,17675.0,6337.0,788.0,149.0,0.0,83846.0,4
2015,2,656.0,6032.0,55791.0,168.0,0.0,0.0,0.0,0.0,62647.0,5
2015,2,156.0,72695.0,434717.0,54993.0,46415.0,1956.0,903.0,0.0,611835.0,6
2015,2,34.0,12542.0,48015.0,17184.0,5039.0,379.0,126.0,0.0,83319.0,7
2015,2,2864.0,21986.0,104043.0,32293.0,7867.0,354.0,136.0,0.0,169543.0,8
2015,2,1881.0,6907.0,14247.0,2436.0,1324.0,257.0,1.0,0.0,27053.0,9
2015,2,2479.0,9474.0,20248.0,4792.0,730.0,0.0,0.0,0.0,37723.0,10
2015,2,5737.0,8182.0,46235.0,27.0,24.0,25.0,10.0,0.0,60240.0,11
2015,2,10.0,4082.0,9093.0,2680.0,641.0,0.0,3.0,0.0,16509.0,12
2015,2,268.0,26.0,170451.0,42.0,16.0,5.0,13.0,0.0,170821.0,13
2015,2,958.0,10360.0,51671.0,15022.0,10072.0,408.0,33.0,0.0,88524.0,14
2015,2,1755.0,2348.0,82727.0,214.0,5168.0,2.0,110.0,0.0,92324.0,15
2015,2,3413.0,4525.0,87362.0,97.0,3240.0,1.0,51.0,0.0,98689.0,16
2015,2,1123.0,13020.0,64737.0,16241.0,3114.0,29.0,5.0,0.0,98269.0,17
2015,2,8.0,410.0,51568.0,0.0,0.0,0.0,2.0,0.0,51988.0,18
2015,2,9.0,4.0,13204.0,0.0,0.0,1.0,2.0,0.0,13220.0,19
2015,2,210.0,25.0,25519.0,2.0,0.0,0.0,0.0,0.0,25756.0,20
2015,2,6827.0,86016.0,364441.0,53205.0,33894.0,1856.0,1014.0,0.0,547253.0,21
2015,2,703.0,8779.0,23456.0,5553.0,888.0,0.0,0.0,0.0,39379.0,22
2015,2,15.0,285.0,36073.0,2.0,0.0,0.0,0.0,0.0,36375.0,23
2015,2,107.0,25178.0,83462.0,26966.0,4502.0,455.0,0.0,0.0,140670.0,24
2015,1,8882.0,123588.88,2267851.56,220070.4,126958.44,1560.64,5700.0,0.0,2754611.92,1
2015,1,2545.0,59084.12,1013510.44,134150.6,114568.56,1195.36,8401.0,0.0,1333455.0800000003,2
2015,1,13.0,7634.0,13754.0,3202.0,517.0,9.0,1.0,0.0,25130.0,3
2015,1,26.0,12053.0,47425.0,15883.0,5346.0,489.0,135.0,0.0,81357.0,4
2015,1,651.0,6176.0,57333.0,102.0,0.0,0.0,0.0,0.0,64262.0,5
2015,1,157.0,78427.0,432802.0,46574.0,37443.0,1615.0,815.0,0.0,597833.0,6
2015,1,36.0,13295.0,47842.0,15554.0,4424.0,235.0,98.0,0.0,81484.0,7
2015,1,2867.0,23951.0,104168.0,28113.0,6926.0,274.0,119.0,0.0,166418.0,8
2015,1,1891.0,7336.0,14413.0,2024.0,878.0,157.0,1.0,0.0,26700.0,9
2015,1,2458.0,9754.0,19858.0,3939.0,603.0,0.0,0.0,0.0,36612.0,10
2015,1,6059.0,8054.0,45038.0,26.0,10.0,13.0,10.0,0.0,59210.0,11
2015,1,11.0,4201.0,9379.0,2207.0,533.0,0.0,3.0,0.0,16334.0,12
2015,1,287.0,24.0,169763.0,38.0,16.0,6.0,11.0,0.0,170145.0,13
2015,1,958.0,11136.0,51906.0,12387.0,8543.0,194.0,26.0,0.0,85150.0,14
2015,1,1895.0,2577.0,80787.0,170.0,4067.0,2.0,76.0,0.0,89574.0,15
2015,1,3371.0,4913.0,86173.0,94.0,2632.0,2.0,42.0,0.0,97227.0,16
2015,1,1123.0,14151.0,64992.0,13955.0,2569.0,15.0,5.0,0.0,96810.0,17
2015,1,8.0,445.0,51346.0,0.0,0.0,0.0,2.0,0.0,51801.0,18
2015,1,10.0,8.0,12720.0,0.0,1.0,0.0,2.0,0.0,12741.0,19
2015,1,205.0,27.0,26048.0,2.0,0.0,0.0,0.0,0.0,26282.0,20
2015,1,6883.0,93096.0,360964.0,45270.0,27597.0,1542.0,900.0,0.0,536252.0,21
2015,1,701.0,9236.0,23136.0,4796.0,748.0,0.0,0.0,0.0,38617.0,22
2015,1,14.0,609.0,36319.0,2.0,0.0,0.0,0.0,0.0,36944.0,23
2015,1,107.0,27143.0,83895.0,23061.0,3722.0,334.0,0.0,0.0,138262.0,24
2014,4,8226.0,132937.2,2250445.44,203620.2,104322.12,996.96,5406.0,0.0,2705953.9200000004,1
2014,4,2698.0,62895.8,1038268.56,123450.8,95771.88,890.0400000000001,7997.0,0.0,1331972.08,2
2014,4,21.0,8047.0,14093.0,2910.0,421.0,0.0,1.0,0.0,25493.0,3
2014,4,483.0,12837.0,42106.0,7908.0,2600.0,124.0,2.0,0.0,66060.0,4
2014,4,1858.0,6218.0,60392.0,70.0,0.0,0.0,0.0,0.0,68538.0,5
2014,4,1903.0,85362.0,427844.0,41947.0,30858.0,1177.0,782.0,0.0,589873.0,6
2014,4,40.0,13860.0,42182.0,7513.0,2106.0,0.0,9.0,0.0,65710.0,7
2014,4,2311.0,27801.0,88649.0,18318.0,3584.0,1.0,66.0,0.0,140730.0,8
2014,4,1947.0,7830.0,14058.0,1852.0,473.0,47.0,1.0,0.0,26208.0,9
2014,4,1880.0,10427.0,19740.0,3443.0,465.0,0.0,0.0,0.0,35955.0,10
2014,4,6266.0,6879.0,36520.0,26.0,5.0,4.0,10.0,0.0,49710.0,11
2014,4,9.0,4333.0,9728.0,1943.0,386.0,0.0,3.0,0.0,16402.0,12
2014,4,303.0,19.0,169222.0,36.0,14.0,5.0,12.0,0.0,169611.0,13
2014,4,547.0,11840.0,53093.0,8731.0,2952.0,54.0,12.0,0.0,77229.0,14
2014,4,1731.0,2744.0,80938.0,126.0,3621.0,2.0,66.0,0.0,89228.0,15
2014,4,3640.0,4723.0,85094.0,94.0,2319.0,4.0,30.0,0.0,95904.0,16
2014,4,54.0,16214.0,63221.0,12552.0,1922.0,0.0,4.0,0.0,93967.0,17
2014,4,11.0,478.0,51628.0,0.0,0.0,0.0,2.0,0.0,52119.0,18
2014,4,9.0,0.0,13135.0,0.0,0.0,1.0,2.0,0.0,13147.0,19
2014,4,156.0,1400.0,24145.0,1.0,1.0,0.0,0.0,0.0,25703.0,20
2014,4,8707.0,99962.0,359293.0,36718.0,21098.0,869.0,824.0,0.0,527471.0,21
2014,4,1246.0,8913.0,24181.0,4359.0,602.0,0.0,0.0,0.0,39301.0,22
2014,4,12.0,283.0,31489.0,2.0,0.0,0.0,0.0,0.0,31786.0,23
2014,4,17.0,28746.0,85091.0,20631.0,2733.0,196.0,0.0,0.0,137414.0,24
2014,3,7355.0,128186.72,2281523.6,156693.12,68946.92,243.32,4232.0,0.0,2647180.68,1
2014,3,840.0,78016.28,1060145.4,102169.88,70907.08,94.68,6626.0,0.0,1318799.32,2
2014,3,19.0,8845.0,13790.0,1915.0,111.0,0.0,0.0,0.0,24680.0,3
2014,3,398.0,14731.0,41934.0,5428.0,1274.0,5.0,0.0,0.0,63770.0,4
2014,3,2013.0,6281.0,60771.0,34.0,0.0,0.0,0.0,0.0,69099.0,5
2014,3,660.0,98992.0,435692.0,28992.0,18888.0,84.0,664.0,0.0,583972.0,6
2014,3,21.0,15448.0,41717.0,5181.0,1172.0,0.0,0.0,0.0,63539.0,7
2014,3,1709.0,29710.0,91450.0,12569.0,1310.0,0.0,48.0,0.0,136796.0,8
2014,3,2001.0,8323.0,14202.0,1324.0,85.0,0.0,0.0,0.0,25935.0,9
2014,3,127.0,10979.0,20216.0,2305.0,82.0,0.0,0.0,0.0,33709.0,10
2014,3,6458.0,6645.0,41009.0,24.0,5.0,4.0,10.0,0.0,54155.0,11
2014,3,10.0,4785.0,9720.0,1337.0,61.0,0.0,0.0,0.0,15913.0,12
2014,3,35.0,0.0,167763.0,31.0,12.0,13.0,1.0,0.0,167855.0,13
2014,3,640.0,13637.0,53510.0,5928.0,1606.0,0.0,1.0,0.0,75322.0,14
2014,3,1522.0,3099.0,80090.0,107.0,2865.0,10.0,27.0,0.0,87720.0,15
2014,3,3640.0,5189.0,86868.0,87.0,1944.0,8.0,9.0,0.0,97745.0,16
2014,3,732.0,17481.0,66026.0,8314.0,388.0,0.0,0.0,0.0,92941.0,17
2014,3,8.0,487.0,51276.0,0.0,0.0,0.0,0.0,0.0,51771.0,18
2014,3,8.0,0.0,13029.0,0.0,0.0,3.0,0.0,0.0,13040.0,19
2014,3,195.0,1624.0,24248.0,1.0,1.0,0.0,0.0,0.0,26069.0,20
2014,3,8230.0,112593.0,357615.0,23962.0,12124.0,38.0,806.0,0.0,515368.0,21
2014,3,791.0,9914.0,23826.0,2867.0,142.0,0.0,0.0,0.0,37540.0,22
2014,3,12.0,336.0,32348.0,2.0,0.0,0.0,0.0,0.0,32698.0,23
2014,3,6.0,32716.0,84668.0,14101.0,559.0,4.0,0.0,0.0,132054.0,24
2014,2,6902.0,162273.72,2288771.6,140226.12,56548.92,284.32,4309.0,0.0,2659315.68,1
2014,2,847.0,81431.28,1078213.4,87358.88,56004.08,58.68,6427.0,0.0,1310340.32,2
2014,2,19.0,8844.0,13794.0,1915.0,111.0,0.0,0.0,0.0,24683.0,3
2014,2,412.0,14854.0,41530.0,5418.0,1085.0,5.0,0.0,0.0,63304.0,4
2014,2,2064.0,6582.0,61868.0,0.0,0.0,0.0,0.0,0.0,70514.0,5
2014,2,2105.0,101598.0,429536.0,28698.0,14824.0,76.0,627.0,0.0,577464.0,6
2014,2,20.0,15563.0,41219.0,5199.0,956.0,0.0,0.0,0.0,62957.0,7
2014,2,2187.0,32781.0,86757.0,12564.0,1162.0,0.0,44.0,0.0,135495.0,8
2014,2,2032.0,8218.0,13944.0,1321.0,85.0,0.0,0.0,0.0,25600.0,9
2014,2,1873.0,11233.0,18851.0,2305.0,82.0,0.0,0.0,0.0,34344.0,10
2014,2,7032.0,6761.0,34089.0,18.0,5.0,4.0,10.0,0.0,47919.0,11
2014,2,10.0,4785.0,9719.0,1337.0,61.0,0.0,0.0,0.0,15912.0,12
2014,2,35.0,6.0,166710.0,31.0,10.0,5.0,10.0,0.0,166807.0,13
2014,2,540.0,13644.0,53245.0,5924.0,1334.0,2.0,0.0,0.0,74689.0,14
2014,2,1531.0,3206.0,79087.0,92.0,2289.0,2.0,30.0,0.0,86237.0,15
2014,2,3468.0,5507.0,84978.0,78.0,1569.0,2.0,8.0,0.0,95610.0,16
2014,2,53.0,18818.0,64440.0,8293.0,388.0,0.0,0.0,0.0,91992.0,17
2014,2,10.0,507.0,51129.0,0.0,0.0,0.0,0.0,0.0,51646.0,18
2014,2,7.0,0.0,13045.0,0.0,0.0,1.0,2.0,0.0,13055.0,19
2014,2,153.0,1637.0,25374.0,2.0,0.0,0.0,0.0,0.0,27166.0,20
2014,2,8515.0,115197.0,353559.0,23939.0,10058.0,34.0,792.0,0.0,512094.0,21
2014,2,1231.0,9914.0,23842.0,2867.0,142.0,0.0,0.0,0.0,37996.0,22
2014,2,12.0,334.0,31198.0,2.0,0.0,0.0,0.0,0.0,31546.0,23
2014,2,6.0,32714.0,84675.0,14101.0,559.0,4.0,0.0,0.0,132059.0,24
2014,1,8469.0,171244.47999999998,2279875.0,121787.12,38923.32,206.16,4037.0,0.0,2624542.08,1
2014,1,852.0,88825.52,1096050.0,70292.88,38797.68,54.84,6208.0,0.0,1301080.92,2
2014,1,19.0,9147.0,13330.0,1672.0,64.0,0.0,0.0,0.0,24232.0,3
2014,1,438.0,15849.0,40869.0,4644.0,741.0,5.0,0.0,0.0,62546.0,4
2014,1,7452.0,10.0,61329.0,0.0,0.0,0.0,0.0,0.0,68791.0,5
2014,1,2076.0,107705.0,423114.0,24112.0,9818.0,40.0,588.0,0.0,567453.0,6
2014,1,20.0,16357.0,40742.0,4486.0,630.0,0.0,0.0,0.0,62235.0,7
2014,1,2177.0,35206.0,85248.0,10828.0,746.0,0.0,43.0,0.0,134248.0,8
2014,1,2062.0,8475.0,13685.0,1133.0,67.0,0.0,0.0,0.0,25422.0,9
2014,1,1832.0,11498.0,18415.0,2002.0,56.0,0.0,0.0,0.0,33803.0,10
2014,1,7434.0,6535.0,32501.0,17.0,5.0,4.0,10.0,0.0,46506.0,11
2014,1,10.0,5111.0,9390.0,1165.0,35.0,0.0,0.0,0.0,15711.0,12
2014,1,35.0,6.0,166655.0,19.0,10.0,6.0,9.0,0.0,166740.0,13
2014,1,545.0,14460.0,52852.0,5139.0,958.0,0.0,0.0,0.0,73954.0,14
2014,1,4133.0,987.0,77148.0,84.0,1582.0,2.0,22.0,0.0,83958.0,15
2014,1,4670.0,4618.0,84304.0,73.0,1062.0,1.0,8.0,0.0,94736.0,16
2014,1,53.0,19677.0,64061.0,7192.0,314.0,0.0,0.0,0.0,91297.0,17
2014,1,531.0,2.0,51056.0,0.0,0.0,0.0,0.0,0.0,51589.0,18
2014,1,7.0,3.0,12544.0,0.0,1.0,0.0,2.0,0.0,12557.0,19
2014,1,161.0,1625.0,24972.0,1.0,1.0,0.0,0.0,0.0,26760.0,20
2014,1,8456.0,124468.0,345225.0,20328.0,6845.0,23.0,668.0,0.0,506013.0,21
2014,1,1234.0,10531.0,22817.0,2422.0,109.0,0.0,0.0,0.0,37113.0,22
2014,1,12.0,607.0,30902.0,6.0,0.0,0.0,0.0,0.0,31527.0,23
2014,1,6.0,34672.0,83210.0,11779.0,362.0,3.0,0.0,0.0,130032.0,24
