AÃ±o,Trimestre,Banda ancha fija,Dial up,Total,id_provincia
2022,4,4788466,6199.0,4794665,1
2022,4,1549781,2145.0,1551926,2
2022,4,70908,1.0,70909,3
2022,4,143658,5.0,143663,4
2022,4,167855,904.0,168759,5
2022,4,1049592,68.0,1049660,6
2022,4,155449,4.0,155453,7
2022,4,270952,22.0,270974,8
2022,4,61840,0.0,61840,9
2022,4,118218,0.0,118218,10
2022,4,113993,171.0,114164,11
2022,4,86258,4.0,86262,12
2022,4,291327,777.0,292104,13
2022,4,186269,0.0,186269,14
2022,4,159712,468.0,160180,15
2022,4,161544,548.0,162092,16
2022,4,205855,5.0,205860,17
2022,4,103545,281.0,103826,18
2022,4,135028,192.0,135220,19
2022,4,50005,198.0,50203,20
2022,4,887581,110.0,887691,21
2022,4,119492,2.0,119494,22
2022,4,54948,312.0,55260,23
2022,4,263392,30.0,263422,24
2022,3,4715469,6199.0,4721668,1
2022,3,1545534,2145.0,1547679,2
2022,3,70292,1.0,70293,3
2022,3,144141,5.0,144146,4
2022,3,164874,904.0,165778,5
2022,3,1038600,68.0,1038668,6
2022,3,144842,4.0,144846,7
2022,3,268937,22.0,268959,8
2022,3,68537,1.0,68538,9
2022,3,118823,0.0,118823,10
2022,3,115921,171.0,116092,11
2022,3,86860,4.0,86864,12
2022,3,288746,777.0,289523,13
2022,3,182157,0.0,182157,14
2022,3,162693,468.0,163161,15
2022,3,160010,548.0,160558,16
2022,3,204536,5.0,204541,17
2022,3,103118,281.0,103399,18
2022,3,121888,182.0,122070,19
2022,3,49312,198.0,49510,20
2022,3,887700,110.0,887810,21
2022,3,119030,2.0,119032,22
2022,3,53584,312.0,53896,23
2022,3,263087,30.0,263117,24
2022,2,4660984,6199.0,4667183,1
2022,2,1534626,2145.0,1536771,2
2022,2,67007,1.0,67008,3
2022,2,143559,5.0,143564,4
2022,2,161901,904.0,162805,5
2022,2,1026367,68.0,1026435,6
2022,2,144993,4.0,144997,7
2022,2,269330,22.0,269352,8
2022,2,67881,0.0,67881,9
2022,2,115314,0.0,115314,10
2022,2,111356,171.0,111527,11
2022,2,86026,4.0,86030,12
2022,2,278785,777.0,279562,13
2022,2,178813,0.0,178813,14
2022,2,161500,468.0,161968,15
2022,2,159216,548.0,159764,16
2022,2,203172,5.0,203177,17
2022,2,100126,281.0,100407,18
2022,2,121559,182.0,121741,19
2022,2,48987,198.0,49185,20
2022,2,878749,110.0,878859,21
2022,2,118042,2.0,118044,22
2022,2,53458,312.0,53770,23
2022,2,254497,30.0,254527,24
2022,1,4549131,6293.0,4555424,1
2022,1,1415378,2163.0,1417541,2
2022,1,62377,1.0,62378,3
2022,1,144114,5.0,144119,4
2022,1,170701,927.0,171628,5
2022,1,1003729,74.0,1003803,6
2022,1,142574,4.0,142578,7
2022,1,267904,22.0,267926,8
2022,1,54548,0.0,54548,9
2022,1,116509,0.0,116509,10
2022,1,109560,172.0,109732,11
2022,1,84299,4.0,84303,12
2022,1,274399,786.0,275185,13
2022,1,171508,0.0,171508,14
2022,1,149208,471.0,149679,15
2022,1,156821,553.0,157374,16
2022,1,197510,5.0,197515,17
2022,1,87888,290.0,88178,18
2022,1,119659,185.0,119844,19
2022,1,48898,204.0,49102,20
2022,1,870364,115.0,870479,21
2022,1,116459,2.0,116461,22
2022,1,52298,313.0,52611,23
2022,1,245554,30.0,245584,24
2021,4,4502772,6385.0,4509157,1
2021,4,1409935,2184.0,1412119,2
2021,4,59089,1.0,59090,3
2021,4,143740,5.0,143745,4
2021,4,159364,944.0,160308,5
2021,4,986693,77.0,986770,6
2021,4,135908,4.0,135912,7
2021,4,265024,22.0,265046,8
2021,4,53663,0.0,53663,9
2021,4,113915,0.0,113915,10
2021,4,106834,173.0,107007,11
2021,4,83124,4.0,83128,12
2021,4,266783,804.0,267587,13
2021,4,171132,0.0,171132,14
2021,4,146989,477.0,147466,15
2021,4,153189,564.0,153753,16
2021,4,199399,6.0,199405,17
2021,4,79667,291.0,79958,18
2021,4,118662,187.0,118849,19
2021,4,48276,210.0,48486,20
2021,4,866265,176.0,866441,21
2021,4,115859,2.0,115861,22
2021,4,52042,315.0,52357,23
2021,4,238609,30.0,238639,24
2021,3,4246425,5184.0,4251609,1
2021,3,1411797,1608.0,1413405,2
2021,3,56253,1.0,56254,3
2021,3,139868,3.0,139871,4
2021,3,155266,800.0,156066,5
2021,3,946726,62.0,946788,6
2021,3,133816,3.0,133819,7
2021,3,260360,15.0,260375,8
2021,3,52795,0.0,52795,9
2021,3,111158,0.0,111158,10
2021,3,100371,116.0,100487,11
2021,3,82157,3.0,82160,12
2021,3,255320,619.0,255939,13
2021,3,158528,0.0,158528,14
2021,3,139436,373.0,139809,15
2021,3,144084,501.0,144585,16
2021,3,195831,2.0,195833,17
2021,3,79227,256.0,79483,18
2021,3,117716,148.0,117864,19
2021,3,48779,197.0,48976,20
2021,3,841433,151.0,841584,21
2021,3,115457,1.0,115458,22
2021,3,49934,289.0,50223,23
2021,3,232447,25.0,232472,24
2021,2,4127167,5184.0,4132351,1
2021,2,1398747,1608.0,1400355,2
2021,2,55743,1.0,55744,3
2021,2,140726,3.0,140729,4
2021,2,138412,825.0,139237,5
2021,2,930818,62.0,930880,6
2021,2,129498,3.0,129501,7
2021,2,257617,15.0,257632,8
2021,2,51551,0.0,51551,9
2021,2,111848,0.0,111848,10
2021,2,97551,116.0,97667,11
2021,2,81599,3.0,81602,12
2021,2,229052,619.0,229671,13
2021,2,156176,0.0,156176,14
2021,2,137877,373.0,138250,15
2021,2,143583,501.0,144084,16
2021,2,191637,2.0,191639,17
2021,2,78677,256.0,78933,18
2021,2,122670,148.0,122818,19
2021,2,48785,197.0,48982,20
2021,2,840449,151.0,840600,21
2021,2,114089,1.0,114090,22
2021,2,35404,289.0,35693,23
2021,2,233026,25.0,233051,24
2021,1,4054936,5066.0,4060002,1
2021,1,1378283,1390.0,1379673,2
2021,1,51967,1.0,51968,3
2021,1,139767,3.0,139770,4
2021,1,131515,825.0,132340,5
2021,1,910826,55.0,910881,6
2021,1,126622,3.0,126625,7
2021,1,251950,13.0,251963,8
2021,1,50686,0.0,50686,9
2021,1,110456,0.0,110456,10
2021,1,96989,116.0,97105,11
2021,1,52625,3.0,52628,12
2021,1,218308,615.0,218923,13
2021,1,149387,0.0,149387,14
2021,1,132862,373.0,133235,15
2021,1,140667,501.0,141168,16
2021,1,187572,2.0,187574,17
2021,1,78011,256.0,78267,18
2021,1,119006,148.0,119154,19
2021,1,45868,197.0,46065,20
2021,1,825990,137.0,826127,21
2021,1,111640,1.0,111641,22
2021,1,40133,289.0,40422,23
2021,1,231890,22.0,231912,24
2020,4,4028195,5066.0,4033261,1
2020,4,1378140,1390.0,1379530,2
2020,4,52395,1.0,52396,3
2020,4,139088,3.0,139091,4
2020,4,129749,825.0,130574,5
2020,4,902646,55.0,902701,6
2020,4,125656,3.0,125659,7
2020,4,247368,13.0,247381,8
2020,4,50206,0.0,50206,9
2020,4,105851,0.0,105851,10
2020,4,96779,116.0,96895,11
2020,4,52775,3.0,52778,12
2020,4,214838,615.0,215453,13
2020,4,147161,0.0,147161,14
2020,4,132762,373.0,133135,15
2020,4,140709,501.0,141210,16
2020,4,187388,2.0,187390,17
2020,4,72340,256.0,72596,18
2020,4,119287,148.0,119435,19
2020,4,40477,197.0,40674,20
2020,4,820676,137.0,820813,21
2020,4,106668,1.0,106669,22
2020,4,39325,289.0,39614,23
2020,4,231067,22.0,231089,24
2020,3,3932211,5066.0,3937277,1
2020,3,1371285,1390.0,1372675,2
2020,3,49903,1.0,49904,3
2020,3,133951,3.0,133954,4
2020,3,129202,825.0,130027,5
2020,3,867417,55.0,867472,6
2020,3,123388,3.0,123391,7
2020,3,241482,13.0,241495,8
2020,3,49209,0.0,49209,9
2020,3,106728,0.0,106728,10
2020,3,93619,116.0,93735,11
2020,3,52613,3.0,52616,12
2020,3,207173,615.0,207788,13
2020,3,143186,0.0,143186,14
2020,3,128862,373.0,129235,15
2020,3,130966,501.0,131467,16
2020,3,180844,2.0,180846,17
2020,3,77071,256.0,77327,18
2020,3,116417,148.0,116565,19
2020,3,39084,197.0,39281,20
2020,3,802861,137.0,802998,21
2020,3,105491,1.0,105492,22
2020,3,39366,289.0,39655,23
2020,3,223854,22.0,223876,24
2020,2,3772480,5066.0,3777546,1
2020,2,1356431,1390.0,1357821,2
2020,2,47975,1.0,47976,3
2020,2,128129,3.0,128132,4
2020,2,107831,825.0,108656,5
2020,2,836413,55.0,836468,6
2020,2,118863,3.0,118866,7
2020,2,234100,13.0,234113,8
2020,2,47932,0.0,47932,9
2020,2,94316,0.0,94316,10
2020,2,89693,116.0,89809,11
2020,2,52152,3.0,52155,12
2020,2,200569,615.0,201184,13
2020,2,140340,0.0,140340,14
2020,2,125799,373.0,126172,15
2020,2,128985,501.0,129486,16
2020,2,177760,2.0,177762,17
2020,2,69521,256.0,69777,18
2020,2,113804,148.0,113952,19
2020,2,38672,197.0,38869,20
2020,2,777795,137.0,777932,21
2020,2,105446,1.0,105447,22
2020,2,38900,289.0,39189,23
2020,2,217134,22.0,217156,24
2020,1,3702985,5066.0,3708051,1
2020,1,1352104,1390.0,1353494,2
2020,1,39634,1.0,39635,3
2020,1,120274,3.0,120277,4
2020,1,95938,800.0,96738,5
2020,1,811044,55.0,811099,6
2020,1,113967,3.0,113970,7
2020,1,231833,13.0,231846,8
2020,1,46434,0.0,46434,9
2020,1,91665,0.0,91665,10
2020,1,89110,116.0,89226,11
2020,1,48337,3.0,48340,12
2020,1,182837,615.0,183452,13
2020,1,133552,0.0,133552,14
2020,1,121354,373.0,121727,15
2020,1,125699,501.0,126200,16
2020,1,170379,2.0,170381,17
2020,1,63975,256.0,64231,18
2020,1,110404,148.0,110552,19
2020,1,38625,197.0,38822,20
2020,1,770981,137.0,771118,21
2020,1,102754,1.0,102755,22
2020,1,38505,289.0,38794,23
2020,1,200045,22.0,200067,24
2019,4,3681120,5134.0,3686254,1
2019,4,1356695,1410.0,1358105,2
2019,4,38310,1.0,38311,3
2019,4,117900,3.0,117903,4
2019,4,95292,810.0,96102,5
2019,4,806633,55.0,806688,6
2019,4,113831,3.0,113834,7
2019,4,239017,13.0,239030,8
2019,4,46711,0.0,46711,9
2019,4,88881,0.0,88881,10
2019,4,90280,119.0,90399,11
2019,4,48999,3.0,49002,12
2019,4,185157,623.0,185780,13
2019,4,135813,0.0,135813,14
2019,4,116069,376.0,116445,15
2019,4,126636,504.0,127140,16
2019,4,172443,2.0,172445,17
2019,4,64715,259.0,64974,18
2019,4,108053,148.0,108201,19
2019,4,39170,200.0,39370,20
2019,4,769019,150.0,769169,21
2019,4,103587,1.0,103588,22
2019,4,40101,291.0,40392,23
2019,4,198621,23.0,198644,24
2019,3,3950114,10119.0,3960233,1
2019,3,1437734,3477.0,1441211,2
2019,3,32391,9.0,32400,3
2019,3,114438,13.0,114451,4
2019,3,87481,1524.0,89005,5
2019,3,782946,107.0,783053,6
2019,3,112749,10.0,112759,7
2019,3,238057,45.0,238102,8
2019,3,46066,0.0,46066,9
2019,3,86575,1.0,86576,10
2019,3,90559,269.0,90828,11
2019,3,49659,18.0,49677,12
2019,3,223015,1322.0,224337,13
2019,3,133883,0.0,133883,14
2019,3,123435,1986.0,125421,15
2019,3,143391,904.0,144295,16
2019,3,151834,1.0,151835,17
2019,3,72535,563.0,73098,18
2019,3,122409,291.0,122700,19
2019,3,37642,328.0,37970,20
2019,3,760706,228.0,760934,21
2019,3,133130,2.0,133132,22
2019,3,48043,544.0,48587,23
2019,3,164099,32.0,164131,24
2019,2,3845594,10104.0,3855698,1
2019,2,1412177,3443.0,1415620,2
2019,2,33626,9.0,33635,3
2019,2,108721,13.0,108734,4
2019,2,86038,1518.0,87556,5
2019,2,775023,105.0,775128,6
2019,2,111539,10.0,111549,7
2019,2,235780,44.0,235824,8
2019,2,46438,0.0,46438,9
2019,2,86706,1.0,86707,10
2019,2,89937,268.0,90205,11
2019,2,50283,18.0,50301,12
2019,2,222535,1322.0,223857,13
2019,2,132878,0.0,132878,14
2019,2,120954,1999.0,122953,15
2019,2,137632,915.0,138547,16
2019,2,142567,1.0,142568,17
2019,2,69461,564.0,70025,18
2019,2,117094,291.0,117385,19
2019,2,30225,325.0,30550,20
2019,2,743258,226.0,743484,21
2019,2,126752,2.0,126754,22
2019,2,46910,544.0,47454,23
2019,2,166299,32.0,166331,24
2019,1,3736563,10104.0,3746667,1
2019,1,1396157,3443.0,1399600,2
2019,1,33613,9.0,33622,3
2019,1,103664,13.0,103677,4
2019,1,78260,1518.0,79778,5
2019,1,744010,105.0,744115,6
2019,1,102477,10.0,102487,7
2019,1,232403,44.0,232447,8
2019,1,45211,0.0,45211,9
2019,1,90146,1.0,90147,10
2019,1,88892,268.0,89160,11
2019,1,51638,18.0,51656,12
2019,1,204976,1322.0,206298,13
2019,1,122720,0.0,122720,14
2019,1,112321,2056.0,114377,15
2019,1,120173,915.0,121088,16
2019,1,136019,1.0,136020,17
2019,1,61881,564.0,62445,18
2019,1,96044,291.0,96335,19
2019,1,24580,325.0,24905,20
2019,1,736851,227.0,737078,21
2019,1,89851,2.0,89853,22
2019,1,45903,544.0,46447,23
2019,1,171970,32.0,172002,24
2018,4,3626502,10104.0,3636606,1
2018,4,1385577,3443.0,1389020,2
2018,4,33574,9.0,33583,3
2018,4,103257,13.0,103270,4
2018,4,77204,1518.0,78722,5
2018,4,737234,105.0,737339,6
2018,4,100591,10.0,100601,7
2018,4,222003,44.0,222047,8
2018,4,45204,0.0,45204,9
2018,4,90132,1.0,90133,10
2018,4,85368,268.0,85636,11
2018,4,51633,18.0,51651,12
2018,4,204982,1322.0,206304,13
2018,4,116273,0.0,116273,14
2018,4,112309,2056.0,114365,15
2018,4,115922,915.0,116837,16
2018,4,134577,1.0,134578,17
2018,4,61834,564.0,62398,18
2018,4,96040,291.0,96331,19
2018,4,24443,325.0,24768,20
2018,4,720161,229.0,720390,21
2018,4,89333,2.0,89335,22
2018,4,45716,544.0,46260,23
2018,4,171972,32.0,172004,24
2018,3,3599714,10563.0,3610277,1
2018,3,1385804,6686.0,1392490,2
2018,3,34215,11.0,34226,3
2018,3,102021,12.0,102033,4
2018,3,101310,2426.0,103736,5
2018,3,725764,94.0,725858,6
2018,3,99445,11.0,99456,7
2018,3,204560,48.0,204608,8
2018,3,44865,0.0,44865,9
2018,3,44934,1.0,44935,10
2018,3,83180,244.0,83424,11
2018,3,51855,17.0,51872,12
2018,3,205545,1484.0,207029,13
2018,3,108042,0.0,108042,14
2018,3,114713,2005.0,116718,15
2018,3,112433,1059.0,113492,16
2018,3,132882,1.0,132883,17
2018,3,63823,658.0,64481,18
2018,3,74121,300.0,74421,19
2018,3,33565,434.0,33999,20
2018,3,694883,217.0,695100,21
2018,3,86358,2.0,86360,22
2018,3,45056,508.0,45564,23
2018,3,171135,31.0,171166,24
2018,2,3490134,10565.0,3500699,1
2018,2,1362498,6688.0,1369186,2
2018,2,34078,11.0,34089,3
2018,2,98509,12.0,98521,4
2018,2,98137,2427.0,100564,5
2018,2,712979,94.0,713073,6
2018,2,97946,11.0,97957,7
2018,2,199937,48.0,199985,8
2018,2,44554,,44554,9
2018,2,45132,1.0,45133,10
2018,2,82177,244.0,82421,11
2018,2,51931,17.0,51948,12
2018,2,199468,1484.0,200952,13
2018,2,106147,,106147,14
2018,2,113842,2006.0,115848,15
2018,2,111176,1059.0,112235,16
2018,2,134166,1.0,134167,17
2018,2,63443,658.0,64101,18
2018,2,21168,300.0,21468,19
2018,2,33970,435.0,34405,20
2018,2,684243,309.0,684552,21
2018,2,83773,2.0,83775,22
2018,2,44199,508.0,44707,23
2018,2,169926,31.0,169957,24
2018,1,3464882,10564.0,3475446,1
2018,1,1359882,6688.0,1366570,2
2018,1,33934,11.0,33945,3
2018,1,96925,12.0,96937,4
2018,1,95532,2427.0,97959,5
2018,1,713825,101.0,713926,6
2018,1,94406,11.0,94417,7
2018,1,197346,48.0,197394,8
2018,1,32328,0.0,32328,9
2018,1,44405,1.0,44406,10
2018,1,82668,396.0,83064,11
2018,1,52228,17.0,52245,12
2018,1,199463,1484.0,200947,13
2018,1,103580,0.0,103580,14
2018,1,115897,2006.0,117903,15
2018,1,110057,1062.0,111119,16
2018,1,133182,1.0,133183,17
2018,1,62610,658.0,63268,18
2018,1,21096,300.0,21396,19
2018,1,33970,435.0,34405,20
2018,1,679717,309.0,680026,21
2018,1,82916,2.0,82918,22
2018,1,31106,508.0,31614,23
2018,1,168026,31.0,168057,24
2017,4,3171206,10690.0,3181896,1
2017,4,1575418,6906.0,1582324,2
2017,4,29548,10.0,29558,3
2017,4,96603,12.0,96615,4
2017,4,91012,2428.0,93440,5
2017,4,709874,105.0,709979,6
2017,4,93760,11.0,93771,7
2017,4,193654,49.0,193703,8
2017,4,32056,0.0,32056,9
2017,4,43551,1.0,43552,10
2017,4,81675,396.0,82071,11
2017,4,52177,17.0,52194,12
2017,4,178661,1490.0,180151,13
2017,4,103895,0.0,103895,14
2017,4,114965,2006.0,116971,15
2017,4,108702,1062.0,109764,16
2017,4,132811,1.0,132812,17
2017,4,57965,659.0,58624,18
2017,4,14604,300.0,14904,19
2017,4,29018,434.0,29452,20
2017,4,672137,323.0,672460,21
2017,4,68842,2.0,68844,22
2017,4,28346,508.0,28854,23
2017,4,162298,34.0,162332,24
2017,3,3046758,11202.0,3057960,1
2017,3,1563289,7070.0,1570359,2
2017,3,33467,11.0,33478,3
2017,3,93747,12.0,93759,4
2017,3,81067,2477.0,83544,5
2017,3,696536,108.0,696644,6
2017,3,92536,12.0,92548,7
2017,3,185414,50.0,185464,8
2017,3,32105,0.0,32105,9
2017,3,43241,1.0,43242,10
2017,3,79280,410.0,79690,11
2017,3,51896,17.0,51913,12
2017,3,190958,1533.0,192491,13
2017,3,100476,0.0,100476,14
2017,3,113755,2029.0,115784,15
2017,3,106393,1103.0,107496,16
2017,3,132517,1.0,132518,17
2017,3,61789,660.0,62449,18
2017,3,21408,311.0,21719,19
2017,3,33222,468.0,33690,20
2017,3,662086,256.0,662342,21
2017,3,82792,2.0,82794,22
2017,3,30883,583.0,31466,23
2017,3,160979,33.0,161012,24
2017,2,3067430,11201.0,3078631,1
2017,2,1592175,8016.0,1600191,2
2017,2,26692,13.0,26705,3
2017,2,90597,14.0,90611,4
2017,2,62245,1730.0,63975,5
2017,2,657505,133.0,657638,6
2017,2,90085,12.0,90097,7
2017,2,182675,57.0,182732,8
2017,2,29956,0.0,29956,9
2017,2,42656,1.0,42657,10
2017,2,72573,449.0,73022,11
2017,2,16271,18.0,16289,12
2017,2,169302,1451.0,170753,13
2017,2,99794,0.0,99794,14
2017,2,115321,2112.0,117433,15
2017,2,100621,998.0,101619,16
2017,2,108540,1.0,108541,17
2017,2,51261,620.0,51881,18
2017,2,12992,315.0,13307,19
2017,2,26019,369.0,26388,20
2017,2,566918,362.0,567280,21
2017,2,33194,2.0,33196,22
2017,2,31938,619.0,32557,23
2017,2,154374,37.0,154411,24
2017,1,3178174,11202.0,3189376,1
2017,1,1391030,8016.0,1399046,2
2017,1,26304,13.0,26317,3
2017,1,89036,14.0,89050,4
2017,1,62166,1730.0,63896,5
2017,1,641066,133.0,641199,6
2017,1,88596,12.0,88608,7
2017,1,180296,57.0,180353,8
2017,1,29705,0.0,29705,9
2017,1,43202,1.0,43203,10
2017,1,71458,455.0,71913,11
2017,1,16207,18.0,16225,12
2017,1,169282,1451.0,170733,13
2017,1,97619,0.0,97619,14
2017,1,113227,2112.0,115339,15
2017,1,100288,1000.0,101288,16
2017,1,107632,1.0,107633,17
2017,1,51253,620.0,51873,18
2017,1,12992,315.0,13307,19
2017,1,26116,370.0,26486,20
2017,1,562520,362.0,562882,21
2017,1,34473,2.0,34475,22
2017,1,31938,619.0,32557,23
2017,1,152734,37.0,152771,24
2016,4,3131499,11202.0,3142701,1
2016,4,1393443,8016.0,1401459,2
2016,4,27021,13.0,27034,3
2016,4,88833,14.0,88847,4
2016,4,62035,1730.0,63765,5
2016,4,636422,133.0,636555,6
2016,4,88084,12.0,88096,7
2016,4,180188,57.0,180245,8
2016,4,29513,0.0,29513,9
2016,4,42624,1.0,42625,10
2016,4,71368,460.0,71828,11
2016,4,16298,18.0,16316,12
2016,4,169274,1451.0,170725,13
2016,4,97390,0.0,97390,14
2016,4,111723,2112.0,113835,15
2016,4,100020,1000.0,101020,16
2016,4,106934,1.0,106935,17
2016,4,51301,620.0,51921,18
2016,4,12992,315.0,13307,19
2016,4,26094,370.0,26464,20
2016,4,561470,362.0,561832,21
2016,4,35049,2.0,35051,22
2016,4,31938,619.0,32557,23
2016,4,151615,37.0,151652,24
2016,3,3075387,11205.0,3086592,1
2016,3,1395053,8051.0,1403104,2
2016,3,26957,13.0,26970,3
2016,3,89216,14.0,89230,4
2016,3,62222,1730.0,63952,5
2016,3,642458,133.0,642591,6
2016,3,88328,12.0,88340,7
2016,3,181092,57.0,181149,8
2016,3,27716,0.0,27716,9
2016,3,42537,1.0,42538,10
2016,3,69903,461.0,70364,11
2016,3,16912,18.0,16930,12
2016,3,169174,1450.0,170624,13
2016,3,97997,0.0,97997,14
2016,3,110491,2112.0,112603,15
2016,3,100024,1002.0,101026,16
2016,3,107790,1.0,107791,17
2016,3,51348,620.0,51968,18
2016,3,12978,315.0,13293,19
2016,3,25886,371.0,26257,20
2016,3,566625,386.0,567011,21
2016,3,35658,2.0,35660,22
2016,3,31306,619.0,31925,23
2016,3,151282,37.0,151319,24
2016,2,3032776,12515.0,3045291,1
2016,2,1384824,9760.0,1394584,2
2016,2,26543,13.0,26556,3
2016,2,88235,16.0,88251,4
2016,2,62116,1740.0,63856,5
2016,2,634680,234.0,634914,6
2016,2,86932,24.0,86956,7
2016,2,178194,179.0,178373,8
2016,2,28801,1.0,28802,9
2016,2,41187,2.0,41189,10
2016,2,68403,485.0,68888,11
2016,2,16718,18.0,16736,12
2016,2,169274,1550.0,170824,13
2016,2,95808,7.0,95815,14
2016,2,108224,2291.0,110515,15
2016,2,99631,1073.0,100704,16
2016,2,104929,3.0,104932,17
2016,2,51392,621.0,52013,18
2016,2,12939,317.0,13256,19
2016,2,25797,356.0,26153,20
2016,2,563867,607.0,564474,21
2016,2,36958,3.0,36961,22
2016,2,30740,619.0,31359,23
2016,2,148636,41.0,148677,24
2016,1,2929903,12612.0,2942515,1
2016,1,1328079,9817.0,1337896,2
2016,1,26376,13.0,26389,3
2016,1,86635,16.0,86651,4
2016,1,62060,1740.0,63800,5
2016,1,609692,234.0,609926,6
2016,1,85510,26.0,85536,7
2016,1,174634,179.0,174813,8
2016,1,28313,1.0,28314,9
2016,1,40287,2.0,40289,10
2016,1,65442,487.0,65929,11
2016,1,16673,18.0,16691,12
2016,1,169257,1553.0,170810,13
2016,1,92951,7.0,92958,14
2016,1,101969,2292.0,104261,15
2016,1,98745,1077.0,99822,16
2016,1,102423,3.0,102426,17
2016,1,51373,621.0,51994,18
2016,1,12915,317.0,13232,19
2016,1,25931,356.0,26287,20
2016,1,551378,618.0,551996,21
2016,1,37695,3.0,37698,22
2016,1,29867,619.0,30486,23
2016,1,146596,41.0,146637,24
2015,4,2946743,12642.0,2959385,1
2015,4,1360381,9845.0,1370226,2
2015,4,26459,13.0,26472,3
2015,4,86537,16.0,86553,4
2015,4,62279,1740.0,64019,5
2015,4,625835,235.0,626070,6
2015,4,85409,26.0,85435,7
2015,4,173957,180.0,174137,8
2015,4,28088,1.0,28089,9
2015,4,39922,2.0,39924,10
2015,4,66054,312.0,66366,11
2015,4,16914,18.0,16932,12
2015,4,169251,1556.0,170807,13
2015,4,92846,7.0,92853,14
2015,4,105122,2294.0,107416,15
2015,4,98655,1067.0,99722,16
2015,4,101917,3.0,101920,17
2015,4,51408,621.0,52029,18
2015,4,12901,317.0,13218,19
2015,4,26047,356.0,26403,20
2015,4,561045,627.0,561672,21
2015,4,39132,3.0,39135,22
2015,4,29334,619.0,29953,23
2015,4,146053,42.0,146095,24
2015,3,2916070,12695.0,2928765,1
2015,3,1362193,9875.0,1372068,2
2015,3,26080,13.0,26093,3
2015,3,85354,16.0,85370,4
2015,3,62143,1740.0,63883,5
2015,3,622761,237.0,622998,6
2015,3,84931,28.0,84959,7
2015,3,172252,182.0,172434,8
2015,3,27751,1.0,27752,9
2015,3,39548,2.0,39550,10
2015,3,64976,495.0,65471,11
2015,3,16753,18.0,16771,12
2015,3,169261,1562.0,170823,13
2015,3,91615,7.0,91622,14
2015,3,98376,2240.0,100616,15
2015,3,98529,1085.0,99614,16
2015,3,100570,3.0,100573,17
2015,3,51409,621.0,52030,18
2015,3,12902,317.0,13219,19
2015,3,25912,359.0,26271,20
2015,3,556097,641.0,556738,21
2015,3,39394,3.0,39397,22
2015,3,33118,619.0,33737,23
2015,3,144272,42.0,144314,24
2015,2,2871079,12711.0,2883790,1
2015,2,1336391,9893.0,1346284,2
2015,2,25666,13.0,25679,3
2015,2,83832,16.0,83848,4
2015,2,61745,1740.0,63485,5
2015,2,609510,236.0,609746,6
2015,2,83288,28.0,83316,7
2015,2,169309,183.0,169492,8
2015,2,27013,37.0,27050,9
2015,2,37720,2.0,37722,10
2015,2,63552,500.0,64052,11
2015,2,16491,18.0,16509,12
2015,2,169259,1564.0,170823,13
2015,2,88512,7.0,88519,14
2015,2,95644,2241.0,97885,15
2015,2,97640,1087.0,98727,16
2015,2,98264,3.0,98267,17
2015,2,51367,621.0,51988,18
2015,2,12904,317.0,13221,19
2015,2,25384,379.0,25763,20
2015,2,545739,649.0,546388,21
2015,2,39375,3.0,39378,22
2015,2,32960,619.0,33579,23
2015,2,140635,42.0,140677,24
2015,1,2847076,14766.0,2861842,1
2015,1,1321139,11582.0,1332721,2
2015,1,25312,20.0,25332,3
2015,1,81329,31.0,81360,4
2015,1,63327,1946.0,65273,5
2015,1,596663,294.0,596957,6
2015,1,81488,43.0,81531,7
2015,1,165839,231.0,166070,8
2015,1,26657,43.0,26700,9
2015,1,36608,3.0,36611,10
2015,1,62155,542.0,62697,11
2015,1,16310,23.0,16333,12
2015,1,168355,1805.0,170160,13
2015,1,85139,7.0,85146,14
2015,1,93373,2369.0,95742,15
2015,1,96145,1188.0,97333,16
2015,1,96793,18.0,96811,17
2015,1,51117,702.0,51819,18
2015,1,12878,354.0,13232,19
2015,1,26217,424.0,26641,20
2015,1,535640,797.0,536437,21
2015,1,39244,8.0,39252,22
2015,1,32726,730.0,33456,23
2015,1,138184,92.0,138276,24
2014,4,2801178,15229.0,2816407,1
2014,4,1318526,11994.0,1330520,2
2014,4,25472,21.0,25493,3
2014,4,65998,37.0,66035,4
2014,4,66557,1985.0,68542,5
2014,4,590113,319.0,590432,6
2014,4,65656,54.0,65710,7
2014,4,140567,246.0,140813,8
2014,4,26156,51.0,26207,9
2014,4,35999,3.0,36002,10
2014,4,56813,567.0,57380,11
2014,4,16379,23.0,16402,12
2014,4,167766,1848.0,169614,13
2014,4,77222,7.0,77229,14
2014,4,92999,2397.0,95396,15
2014,4,95050,1210.0,96260,16
2014,4,93921,26.0,93947,17
2014,4,51390,729.0,52119,18
2014,4,12788,359.0,13147,19
2014,4,25277,436.0,25713,20
2014,4,528459,938.0,529397,21
2014,4,39308,9.0,39317,22
2014,4,28249,741.0,28990,23
2014,4,137329,95.0,137424,24
2014,3,2835537,14028.0,2849565,1
2014,3,1307195,10630.0,1317825,2
2014,3,24665,21.0,24686,3
2014,3,63710,36.0,63746,4
2014,3,67130,2007.0,69137,5
2014,3,585231,200.0,585431,6
2014,3,63516,33.0,63549,7
2014,3,136618,115.0,136733,8
2014,3,25873,64.0,25937,9
2014,3,33739,2.0,33741,10
2014,3,61861,564.0,62425,11
2014,3,15893,23.0,15916,12
2014,3,166184,1740.0,167924,13
2014,3,75327,0.0,75327,14
2014,3,100099,2268.0,102367,15
2014,3,96629,1151.0,97780,16
2014,3,92929,25.0,92954,17
2014,3,51031,748.0,51779,18
2014,3,12683,363.0,13046,19
2014,3,25664,446.0,26110,20
2014,3,520196,691.0,520887,21
2014,3,37539,9.0,37548,22
2014,3,28037,755.0,28792,23
2014,3,131978,88.0,132066,24
2014,2,2750430,14116.0,2764546,1
2014,2,1299502,10713.0,1310215,2
2014,2,24660,23.0,24683,3
2014,2,63243,36.0,63279,4
2014,2,68503,2016.0,70519,5
2014,2,576747,205.0,576952,6
2014,2,62925,33.0,62958,7
2014,2,135468,115.0,135583,8
2014,2,25535,65.0,25600,9
2014,2,34359,2.0,34361,10
2014,2,55048,580.0,55628,11
2014,2,15889,23.0,15912,12
2014,2,165046,1761.0,166807,13
2014,2,74689,0.0,74689,14
2014,2,90053,2235.0,92288,15
2014,2,94812,1145.0,95957,16
2014,2,91949,25.0,91974,17
2014,2,50891,755.0,51646,18
2014,2,12691,364.0,13055,19
2014,2,26710,459.0,27169,20
2014,2,511753,605.0,512358,21
2014,2,38002,9.0,38011,22
2014,2,27443,766.0,28209,23
2014,2,131981,88.0,132069,24
2014,1,2725732,14144.0,2739876,1
2014,1,1289204,10714.0,1299918,2
2014,1,24209,23.0,24232,3
2014,1,62520,36.0,62556,4
2014,1,68205,2016.0,70221,5
2014,1,566705,205.0,566910,6
2014,1,62203,33.0,62236,7
2014,1,134216,115.0,134331,8
2014,1,25335,87.0,25422,9
2014,1,33825,2.0,33827,10
2014,1,53601,592.0,54193,11
2014,1,15688,23.0,15711,12
2014,1,164084,1761.0,165845,13
2014,1,73950,0.0,73950,14
2014,1,88077,2303.0,90380,15
2014,1,93909,1157.0,95066,16
2014,1,91265,25.0,91290,17
2014,1,50543,755.0,51298,18
2014,1,12193,364.0,12557,19
2014,1,26304,460.0,26764,20
2014,1,506000,612.0,506612,21
2014,1,37124,9.0,37133,22
2014,1,27272,766.0,28038,23
2014,1,129944,88.0,130032,24
