Año,Trimestre,ADSL,Cablemodem,Fibra óptica,Wireless,Otros,Total,ID
2022,4,325908.0,2767247.0,1499149.0,129910.0,72451.0,4794665.0,1
2022,4,138753.0,1238196.0,138548.0,4603.0,31826.0,1551926.0,2
2022,4,8952.0,10998.0,47337.0,1379.0,2243.0,70909.0,3
2022,4,24582.0,61265.0,47285.0,7957.0,2574.0,143663.0,4
2022,4,45450.0,73923.0,9815.0,30721.0,8850.0,168759.0,5
2022,4,152265.0,456947.0,367393.0,61631.0,11424.0,1049660.0,6
2022,4,34038.0,80283.0,26752.0,9082.0,5298.0,155453.0,7
2022,4,55507.0,135746.0,40798.0,26414.0,12509.0,270974.0,8
2022,4,13735.0,17068.0,13118.0,17692.0,227.0,61840.0,9
2022,4,17880.0,52390.0,42626.0,4067.0,1255.0,118218.0,10
2022,4,7785.0,60566.0,24552.0,19995.0,1266.0,114164.0,11
2022,4,6120.0,54387.0,19328.0,6395.0,32.0,86262.0,12
2022,4,37655.0,77814.0,147080.0,27607.0,1948.0,292104.0,13
2022,4,33204.0,87202.0,46885.0,11075.0,7903.0,186269.0,14
2022,4,28609.0,72679.0,31567.0,23815.0,3510.0,160180.0,15
2022,4,34043.0,48401.0,43958.0,16277.0,19413.0,162092.0,16
2022,4,36939.0,97023.0,53470.0,11884.0,6544.0,205860.0,17
2022,4,38570.0,22913.0,12491.0,21912.0,7940.0,103826.0,18
2022,4,6283.0,43460.0,3409.0,81557.0,511.0,135220.0,19
2022,4,9702.0,23876.0,12217.0,3746.0,662.0,50203.0,20
2022,4,163621.0,412157.0,248558.0,44113.0,19242.0,887691.0,21
2022,4,13577.0,80955.0,15117.0,6911.0,2934.0,119494.0,22
2022,4,12754.0,41293.0,405.0,157.0,651.0,55260.0,23
2022,4,69441.0,20668.0,168717.0,4069.0,527.0,263422.0,24
2022,3,339648.0,2748325.0,1436433.0,126846.0,70416.0,4721668.0,1
2022,3,140791.0,1240125.0,129218.0,5758.0,31787.0,1547679.0,2
2022,3,10010.0,10495.0,46224.0,1329.0,2235.0,70293.0,3
2022,3,27164.0,61800.0,44645.0,8178.0,2359.0,144146.0,4
2022,3,45377.0,72212.0,9574.0,29784.0,8831.0,165778.0,5
2022,3,163770.0,465461.0,338570.0,61070.0,9797.0,1038668.0,6
2022,3,36508.0,77140.0,18619.0,7256.0,5323.0,144846.0,7
2022,3,60345.0,132952.0,36971.0,26098.0,12593.0,268959.0,8
2022,3,14470.0,25880.0,11041.0,16935.0,212.0,68538.0,9
2022,3,19257.0,52978.0,40172.0,4033.0,2383.0,118823.0,10
2022,3,7796.0,60078.0,23551.0,20216.0,4451.0,116092.0,11
2022,3,6842.0,53899.0,19697.0,6395.0,31.0,86864.0,12
2022,3,37659.0,78858.0,142615.0,27625.0,2766.0,289523.0,13
2022,3,35513.0,88902.0,39046.0,11074.0,7622.0,182157.0,14
2022,3,29352.0,75815.0,29396.0,27482.0,1116.0,163161.0,15
2022,3,35552.0,48260.0,41017.0,16760.0,18969.0,160558.0,16
2022,3,40006.0,96984.0,50254.0,10082.0,7215.0,204541.0,17
2022,3,38570.0,22723.0,12328.0,21860.0,7918.0,103399.0,18
2022,3,6860.0,29363.0,248.0,70614.0,14985.0,122070.0,19
2022,3,10170.0,24047.0,10815.0,3896.0,582.0,49510.0,20
2022,3,183740.0,426255.0,215189.0,43079.0,19547.0,887810.0,21
2022,3,15385.0,80937.0,13170.0,6618.0,2922.0,119032.0,22
2022,3,12754.0,39963.0,403.0,125.0,651.0,53896.0,23
2022,3,77738.0,18518.0,162345.0,3997.0,519.0,263117.0,24
2022,2,350652.0,2719613.0,1399043.0,126847.0,71028.0,4667183.0,1
2022,2,145491.0,1232226.0,121506.0,5757.0,31791.0,1536771.0,2
2022,2,11928.0,9430.0,42087.0,1329.0,2234.0,67008.0,3
2022,2,29552.0,61284.0,42194.0,8178.0,2356.0,143564.0,4
2022,2,45377.0,69242.0,9574.0,29784.0,8828.0,162805.0,5
2022,2,179181.0,467595.0,308895.0,61107.0,9657.0,1026435.0,6
2022,2,38468.0,75769.0,18181.0,7256.0,5323.0,144997.0,7
2022,2,63794.0,131029.0,35839.0,26098.0,12592.0,269352.0,8
2022,2,15397.0,25487.0,9875.0,16910.0,212.0,67881.0,9
2022,2,20303.0,54495.0,34184.0,3955.0,2377.0,115314.0,10
2022,2,7796.0,59273.0,22994.0,20200.0,1264.0,111527.0,11
2022,2,7759.0,52656.0,19189.0,6395.0,31.0,86030.0,12
2022,2,37663.0,77504.0,135504.0,26964.0,1927.0,279562.0,13
2022,2,37208.0,89260.0,33649.0,11074.0,7622.0,178813.0,14
2022,2,29749.0,74905.0,28824.0,27371.0,1119.0,161968.0,15
2022,2,36050.0,47040.0,40946.0,16760.0,18968.0,159764.0,16
2022,2,42665.0,96178.0,47076.0,10068.0,7190.0,203177.0,17
2022,2,38570.0,19734.0,12328.0,21859.0,7916.0,100407.0,18
2022,2,6860.0,29034.0,248.0,70614.0,14985.0,121741.0,19
2022,2,10170.0,23725.0,10815.0,3896.0,579.0,49185.0,20
2022,2,198492.0,428233.0,189503.0,43081.0,19550.0,878859.0,21
2022,2,16561.0,80338.0,11605.0,6618.0,2922.0,118044.0,22
2022,2,12754.0,39837.0,403.0,125.0,651.0,53770.0,23
2022,2,85893.0,15327.0,148823.0,3997.0,487.0,254527.0,24
2022,1,392045.0,2728865.0,1242121.0,125521.0,66872.0,4555424.0,1
2022,1,102290.0,1217225.0,62308.0,5784.0,29934.0,1417541.0,2
2022,1,14181.0,15517.0,29118.0,1328.0,2234.0,62378.0,3
2022,1,32391.0,64546.0,36662.0,8164.0,2356.0,144119.0,4
2022,1,44133.0,66667.0,9184.0,30592.0,21052.0,171628.0,5
2022,1,195610.0,501799.0,235838.0,60843.0,9713.0,1003803.0,6
2022,1,40462.0,79093.0,10875.0,6774.0,5374.0,142578.0,7
2022,1,67159.0,138986.0,23091.0,26098.0,12592.0,267926.0,8
2022,1,16397.0,15927.0,5146.0,16876.0,202.0,54548.0,9
2022,1,21307.0,60616.0,25949.0,4662.0,3975.0,116509.0,10
2022,1,8003.0,58978.0,21739.0,19903.0,1109.0,109732.0,11
2022,1,9103.0,59228.0,9546.0,6395.0,31.0,84303.0,12
2022,1,49464.0,74145.0,123228.0,26969.0,1379.0,275185.0,13
2022,1,39147.0,91752.0,25178.0,7807.0,7624.0,171508.0,14
2022,1,28443.0,73200.0,24193.0,23098.0,745.0,149679.0,15
2022,1,38662.0,45366.0,38037.0,16815.0,18494.0,157374.0,16
2022,1,44714.0,98667.0,40994.0,5950.0,7190.0,197515.0,17
2022,1,34038.0,14449.0,11294.0,20723.0,7674.0,88178.0,18
2022,1,7987.0,11296.0,31.0,71809.0,28721.0,119844.0,19
2022,1,10537.0,23420.0,10766.0,3974.0,405.0,49102.0,20
2022,1,213486.0,444609.0,146552.0,45261.0,20571.0,870479.0,21
2022,1,18118.0,87979.0,1093.0,6349.0,2922.0,116461.0,22
2022,1,13031.0,38700.0,416.0,124.0,340.0,52611.0,23
2022,1,92532.0,62396.0,86174.0,3995.0,487.0,245584.0,24
2021,4,426325.0,2706506.0,1176024.0,126887.0,73415.0,4509157.0,1
2021,4,111360.0,1205128.0,60005.0,5679.0,29947.0,1412119.0,2
2021,4,16385.0,13858.0,25100.0,1512.0,2235.0,59090.0,3
2021,4,35548.0,63145.0,34688.0,8005.0,2359.0,143745.0,4
2021,4,46361.0,57412.0,9655.0,28041.0,18839.0,160308.0,5
2021,4,212011.0,487489.0,217214.0,61277.0,8779.0,986770.0,6
2021,4,42523.0,71183.0,10138.0,6778.0,5290.0,135912.0,7
2021,4,70459.0,133387.0,23452.0,25022.0,12726.0,265046.0,8
2021,4,17211.0,15111.0,5151.0,16018.0,172.0,53663.0,9
2021,4,22330.0,60511.0,24156.0,2927.0,3991.0,113915.0,10
2021,4,8175.0,58000.0,20192.0,19286.0,1354.0,107007.0,11
2021,4,10387.0,56651.0,9446.0,6613.0,31.0,83128.0,12
2021,4,59842.0,71553.0,109667.0,24666.0,1859.0,267587.0,13
2021,4,41778.0,92068.0,22035.0,7649.0,7602.0,171132.0,14
2021,4,29175.0,72761.0,23253.0,21531.0,746.0,147466.0,15
2021,4,42037.0,44495.0,32212.0,16558.0,18451.0,153753.0,16
2021,4,46972.0,99808.0,39555.0,5882.0,7188.0,199405.0,17
2021,4,35868.0,13102.0,11072.0,11423.0,8493.0,79958.0,18
2021,4,8472.0,11064.0,30.0,70560.0,28723.0,118849.0,19
2021,4,10790.0,22902.0,10031.0,4346.0,417.0,48486.0,20
2021,4,233427.0,444373.0,128856.0,43556.0,16229.0,866441.0,21
2021,4,19032.0,86563.0,1088.0,6256.0,2922.0,115861.0,22
2021,4,13317.0,38148.0,426.0,124.0,342.0,52357.0,23
2021,4,97830.0,59022.0,78790.0,2511.0,486.0,238639.0,24
2021,3,585729.0,2595485.0,885613.0,120228.0,64554.0,4251609.0,1
2021,3,142902.0,1192107.0,42966.0,6059.0,29371.0,1413405.0,2
2021,3,18413.0,11709.0,22331.0,1568.0,2233.0,56254.0,3
2021,3,38258.0,63659.0,27583.0,8018.0,2353.0,139871.0,4
2021,3,49269.0,55794.0,8946.0,23376.0,18681.0,156066.0,5
2021,3,229275.0,477223.0,167495.0,57617.0,15178.0,946788.0,6
2021,3,44805.0,69403.0,7542.0,6766.0,5303.0,133819.0,7
2021,3,74443.0,128752.0,20485.0,23500.0,13195.0,260375.0,8
2021,3,18093.0,14111.0,4730.0,15690.0,171.0,52795.0,9
2021,3,23554.0,60758.0,19926.0,2952.0,3968.0,111158.0,10
2021,3,9015.0,57881.0,17817.0,14479.0,1295.0,100487.0,11
2021,3,11329.0,54744.0,9444.0,6613.0,30.0,82160.0,12
2021,3,91474.0,71247.0,70579.0,21811.0,828.0,255939.0,13
2021,3,43230.0,89469.0,10969.0,7198.0,7662.0,158528.0,14
2021,3,29650.0,73794.0,16455.0,19270.0,640.0,139809.0,15
2021,3,47934.0,44519.0,18725.0,15031.0,18376.0,144585.0,16
2021,3,49212.0,98318.0,36126.0,5724.0,6453.0,195833.0,17
2021,3,40072.0,12922.0,6670.0,11372.0,8447.0,79483.0,18
2021,3,8417.0,11884.0,27.0,68856.0,28680.0,117864.0,19
2021,3,12347.0,22961.0,6328.0,4269.0,3071.0,48976.0,20
2021,3,245929.0,443156.0,93412.0,43447.0,15640.0,841584.0,21
2021,3,19939.0,85535.0,909.0,6147.0,2928.0,115458.0,22
2021,3,12853.0,36958.0,6.0,16.0,390.0,50223.0,23
2021,3,104489.0,53868.0,70964.0,2408.0,743.0,232472.0,24
2021,2,603255.0,2503830.0,854173.0,113546.0,57547.0,4132351.0,1
2021,2,148989.0,1175097.0,41318.0,5580.0,29371.0,1400355.0,2
2021,2,20305.0,9426.0,22331.0,1449.0,2233.0,55744.0,3
2021,2,39826.0,62948.0,27584.0,8018.0,2353.0,140729.0,4
2021,2,49271.0,41497.0,6081.0,23682.0,18706.0,139237.0,5
2021,2,239780.0,467782.0,151855.0,55944.0,15519.0,930880.0,6
2021,2,46648.0,67262.0,3731.0,6557.0,5303.0,129501.0,7
2021,2,77836.0,124957.0,17856.0,23786.0,13197.0,257632.0,8
2021,2,19571.0,12509.0,3610.0,15690.0,171.0,51551.0,9
2021,2,24738.0,60800.0,19611.0,2731.0,3968.0,111848.0,10
2021,2,9017.0,57014.0,17132.0,13209.0,1295.0,97667.0,11
2021,2,11627.0,54255.0,9445.0,6245.0,30.0,81602.0,12
2021,2,91503.0,70834.0,44696.0,21811.0,827.0,229671.0,13
2021,2,44960.0,87861.0,10376.0,5317.0,7662.0,156176.0,14
2021,2,30083.0,72690.0,15619.0,19218.0,640.0,138250.0,15
2021,2,48189.0,43761.0,18727.0,15031.0,18376.0,144084.0,16
2021,2,51396.0,96016.0,32050.0,5724.0,6453.0,191639.0,17
2021,2,40072.0,12369.0,6673.0,11372.0,8447.0,78933.0,18
2021,2,8417.0,11308.0,28.0,66860.0,36205.0,122818.0,19
2021,2,12347.0,22967.0,6328.0,4269.0,3071.0,48982.0,20
2021,2,256741.0,431915.0,90424.0,43997.0,17523.0,840600.0,21
2021,2,20734.0,83770.0,909.0,5081.0,3596.0,114090.0,22
2021,2,12853.0,22504.0,6.0,14.0,316.0,35693.0,23
2021,2,110429.0,48359.0,71683.0,1837.0,743.0,233051.0,24
2021,1,629679.0,2452056.0,821597.0,98806.0,57864.0,4060002.0,1
2021,1,159805.0,1145093.0,39980.0,5559.0,29236.0,1379673.0,2
2021,1,26316.0,4409.0,18688.0,322.0,2233.0,51968.0,3
2021,1,43214.0,61251.0,25426.0,8004.0,1875.0,139770.0,4
2021,1,45501.0,40960.0,3444.0,23723.0,18712.0,132340.0,5
2021,1,260350.0,444695.0,134634.0,54137.0,17065.0,910881.0,6
2021,1,49160.0,62876.0,3337.0,5949.0,5303.0,126625.0,7
2021,1,83688.0,118424.0,16846.0,20836.0,12169.0,251963.0,8
2021,1,20663.0,11412.0,2562.0,15669.0,380.0,50686.0,9
2021,1,32254.0,54324.0,17322.0,2677.0,3879.0,110456.0,10
2021,1,8946.0,58711.0,15779.0,12369.0,1300.0,97105.0,11
2021,1,17363.0,34984.0,1.0,250.0,30.0,52628.0,12
2021,1,91844.0,69295.0,38619.0,18332.0,833.0,218923.0,13
2021,1,48292.0,82339.0,7064.0,4796.0,6896.0,149387.0,14
2021,1,30223.0,70457.0,14171.0,17752.0,632.0,133235.0,15
2021,1,48777.0,42192.0,17828.0,13994.0,18377.0,141168.0,16
2021,1,54768.0,89187.0,31498.0,5669.0,6452.0,187574.0,17
2021,1,40072.0,11589.0,6671.0,11482.0,8453.0,78267.0,18
2021,1,8417.0,10678.0,28.0,63826.0,36205.0,119154.0,19
2021,1,12347.0,23089.0,5975.0,4264.0,390.0,46065.0,20
2021,1,277012.0,421480.0,70976.0,39140.0,17519.0,826127.0,21
2021,1,26468.0,75849.0,570.0,5158.0,3596.0,111641.0,22
2021,1,12853.0,27247.0,6.0,0.0,316.0,40422.0,23
2021,1,147199.0,12185.0,69954.0,1834.0,740.0,231912.0,24
2020,4,635651.0,2441248.0,804991.0,93444.0,57927.0,4033261.0,1
2020,4,163060.0,1142528.0,39890.0,4815.0,29237.0,1379530.0,2
2020,4,26870.0,5115.0,17856.0,322.0,2233.0,52396.0,3
2020,4,44332.0,61200.0,23687.0,7997.0,1875.0,139091.0,4
2020,4,45703.0,39756.0,3040.0,23363.0,18712.0,130574.0,5
2020,4,267396.0,439322.0,125620.0,52827.0,17536.0,902701.0,6
2020,4,50102.0,61495.0,3146.0,5626.0,5290.0,125659.0,7
2020,4,85683.0,113670.0,15653.0,20206.0,12169.0,247381.0,8
2020,4,21264.0,10789.0,2432.0,15341.0,380.0,50206.0,9
2020,4,32850.0,52815.0,15639.0,1077.0,3470.0,105851.0,10
2020,4,9009.0,58945.0,15432.0,12194.0,1315.0,96895.0,11
2020,4,17513.0,34984.0,1.0,250.0,30.0,52778.0,12
2020,4,91842.0,68364.0,36083.0,18331.0,833.0,215453.0,13
2020,4,49462.0,79855.0,6589.0,4359.0,6896.0,147161.0,14
2020,4,30468.0,70614.0,13732.0,17689.0,632.0,133135.0,15
2020,4,48991.0,42022.0,17826.0,13994.0,18377.0,141210.0,16
2020,4,56659.0,87817.0,30604.0,5858.0,6452.0,187390.0,17
2020,4,40072.0,7004.0,6599.0,10468.0,8453.0,72596.0,18
2020,4,8417.0,11767.0,27.0,63019.0,36205.0,119435.0,19
2020,4,12347.0,19657.0,1041.0,4659.0,2970.0,40674.0,20
2020,4,287271.0,414746.0,62692.0,38712.0,17392.0,820813.0,21
2020,4,26812.0,70522.0,570.0,5169.0,3596.0,106669.0,22
2020,4,12853.0,26439.0,6.0,0.0,316.0,39614.0,23
2020,4,149322.0,11150.0,68043.0,1834.0,740.0,231089.0,24
2020,3,653930.0,2384557.0,749087.0,94162.0,55541.0,3937277.0,1
2020,3,170375.0,1129573.0,39417.0,3936.0,29374.0,1372675.0,2
2020,3,26868.0,3690.0,16857.0,261.0,2228.0,49904.0,3
2020,3,45745.0,58825.0,20675.0,6706.0,2003.0,133954.0,4
2020,3,45761.0,39386.0,2897.0,23216.0,18767.0,130027.0,5
2020,3,276360.0,430771.0,102217.0,48368.0,9756.0,867472.0,6
2020,3,50858.0,58681.0,2960.0,5513.0,5379.0,123391.0,7
2020,3,87892.0,106950.0,13954.0,20379.0,12320.0,241495.0,8
2020,3,21790.0,10003.0,2000.0,15023.0,393.0,49209.0,9
2020,3,32611.0,57682.0,11112.0,952.0,4371.0,106728.0,10
2020,3,9015.0,56845.0,14677.0,11893.0,1305.0,93735.0,11
2020,3,17346.0,34984.0,1.0,250.0,35.0,52616.0,12
2020,3,91908.0,64672.0,32817.0,17523.0,868.0,207788.0,13
2020,3,50195.0,77989.0,2572.0,3445.0,8985.0,143186.0,14
2020,3,30222.0,70446.0,11043.0,16787.0,737.0,129235.0,15
2020,3,49530.0,40001.0,10381.0,13187.0,18368.0,131467.0,16
2020,3,58216.0,84128.0,25445.0,5764.0,7293.0,180846.0,17
2020,3,40092.0,9223.0,5509.0,14023.0,8480.0,77327.0,18
2020,3,8401.0,10077.0,6.0,61828.0,36253.0,116565.0,19
2020,3,12845.0,16098.0,1027.0,6938.0,2373.0,39281.0,20
2020,3,295051.0,405807.0,45721.0,37112.0,19307.0,802998.0,21
2020,3,26419.0,70720.0,555.0,4185.0,3613.0,105492.0,22
2020,3,12854.0,26491.0,0.0,0.0,310.0,39655.0,23
2020,3,149605.0,11752.0,59949.0,1808.0,762.0,223876.0,24
2020,2,661272.0,2244277.0,723072.0,91736.0,57189.0,3777546.0,1
2020,2,178896.0,1106133.0,39482.0,3937.0,29373.0,1357821.0,2
2020,2,26968.0,3641.0,14878.0,261.0,2228.0,47976.0,3
2020,2,46816.0,56017.0,17266.0,6452.0,1581.0,128132.0,4
2020,2,45761.0,38279.0,1324.0,17678.0,5614.0,108656.0,5
2020,2,282858.0,415007.0,85818.0,44522.0,8263.0,836468.0,6
2020,2,51248.0,55536.0,3144.0,3927.0,5011.0,118866.0,7
2020,2,89391.0,99423.0,13954.0,20042.0,11303.0,234113.0,8
2020,2,21805.0,9353.0,1882.0,14723.0,169.0,47932.0,9
2020,2,32705.0,38938.0,5057.0,952.0,16664.0,94316.0,10
2020,2,8551.0,54422.0,14232.0,11314.0,1290.0,89809.0,11
2020,2,16885.0,34984.0,1.0,250.0,35.0,52155.0,12
2020,2,91904.0,62941.0,29613.0,15924.0,802.0,201184.0,13
2020,2,50792.0,74497.0,2579.0,3319.0,9153.0,140340.0,14
2020,2,30256.0,67990.0,11037.0,15755.0,1134.0,126172.0,15
2020,2,49756.0,39650.0,10382.0,11331.0,18367.0,129486.0,16
2020,2,59502.0,81740.0,24289.0,5123.0,7108.0,177762.0,17
2020,2,40092.0,8275.0,5509.0,7019.0,8882.0,69777.0,18
2020,2,8401.0,8357.0,6.0,60935.0,36253.0,113952.0,19
2020,2,12845.0,16044.0,1027.0,6585.0,2368.0,38869.0,20
2020,2,299974.0,381679.0,46698.0,30487.0,19094.0,777932.0,21
2020,2,25917.0,72074.0,355.0,3038.0,4063.0,105447.0,22
2020,2,12854.0,26025.0,0.0,0.0,310.0,39189.0,23
2020,2,150084.0,9833.0,55120.0,1357.0,762.0,217156.0,24
2020,1,673237.0,2210349.0,720688.0,85443.0,18334.0,3708051.0,1
2020,1,184494.0,1097635.0,38898.0,3911.0,28556.0,1353494.0,2
2020,1,21945.0,3146.0,12056.0,261.0,2227.0,39635.0,3
2020,1,46356.0,54144.0,11958.0,6239.0,1580.0,120277.0,4
2020,1,45763.0,27287.0,1324.0,16885.0,5479.0,96738.0,5
2020,1,286168.0,406109.0,68512.0,41617.0,8693.0,811099.0,6
2020,1,51126.0,53231.0,2172.0,2437.0,5004.0,113970.0,7
2020,1,90368.0,95434.0,13245.0,18737.0,14062.0,231846.0,8
2020,1,21068.0,8887.0,1800.0,14510.0,169.0,46434.0,9
2020,1,32066.0,38938.0,3078.0,942.0,16641.0,91665.0,10
2020,1,8553.0,53755.0,13821.0,11295.0,1802.0,89226.0,11
2020,1,13076.0,34984.0,0.0,251.0,29.0,48340.0,12
2020,1,91955.0,50251.0,28059.0,12465.0,722.0,183452.0,13
2020,1,51458.0,69452.0,1220.0,460.0,10962.0,133552.0,14
2020,1,29305.0,65951.0,11031.0,14711.0,729.0,121727.0,15
2020,1,47756.0,38479.0,10381.0,11222.0,18362.0,126200.0,16
2020,1,60426.0,75593.0,23025.0,4125.0,7212.0,170381.0,17
2020,1,40092.0,6448.0,5508.0,7082.0,5101.0,64231.0,18
2020,1,8301.0,7612.0,5.0,58301.0,36333.0,110552.0,19
2020,1,12845.0,15766.0,1026.0,6817.0,2368.0,38822.0,20
2020,1,302366.0,383673.0,35123.0,30488.0,19468.0,771118.0,21
2020,1,24695.0,70424.0,200.0,2779.0,4657.0,102755.0,22
2020,1,12854.0,25632.0,0.0,0.0,308.0,38794.0,23
2020,1,143184.0,10494.0,44687.0,1355.0,347.0,200067.0,24
2019,4,720011.0,2191672.0,669194.0,87111.0,18266.0,3686254.0,1
2019,4,196938.0,1093143.0,35534.0,3914.0,28576.0,1358105.0,2
2019,4,22999.0,3318.0,9506.0,261.0,2227.0,38311.0,3
2019,4,48661.0,53602.0,8831.0,5229.0,1580.0,117903.0,4
2019,4,47045.0,26977.0,1324.0,15267.0,5489.0,96102.0,5
2019,4,296872.0,410038.0,53335.0,37750.0,8693.0,806688.0,6
2019,4,52525.0,51845.0,2002.0,2458.0,5004.0,113834.0,7
2019,4,92981.0,99206.0,12875.0,18561.0,15407.0,239030.0,8
2019,4,21567.0,8684.0,1760.0,14531.0,169.0,46711.0,9
2019,4,32949.0,37604.0,873.0,814.0,16641.0,88881.0,10
2019,4,15457.0,56854.0,4942.0,11341.0,1805.0,90399.0,11
2019,4,13738.0,34984.0,0.0,251.0,29.0,49002.0,12
2019,4,96678.0,49711.0,24989.0,13672.0,730.0,185780.0,13
2019,4,53116.0,69676.0,847.0,441.0,11733.0,135813.0,14
2019,4,29826.0,60970.0,10549.0,14246.0,854.0,116445.0,15
2019,4,49747.0,37933.0,9658.0,11437.0,18365.0,127140.0,16
2019,4,63272.0,76062.0,21865.0,3040.0,8206.0,172445.0,17
2019,4,41360.0,6338.0,4931.0,7241.0,5104.0,64974.0,18
2019,4,8569.0,8027.0,6.0,55266.0,36333.0,108201.0,19
2019,4,13264.0,15899.0,1036.0,6800.0,2371.0,39370.0,20
2019,4,312072.0,382254.0,27464.0,26978.0,20401.0,769169.0,21
2019,4,24682.0,71239.0,200.0,2810.0,4657.0,103588.0,22
2019,4,13261.0,26821.0,0.0,0.0,310.0,40392.0,23
2019,4,146985.0,11012.0,39574.0,725.0,348.0,198644.0,24
2019,3,1277249.0,2144956.0,425386.0,85572.0,27070.0,3960233.0,1
2019,3,300288.0,1080973.0,24900.0,3895.0,31155.0,1441211.0,2
2019,3,24349.0,5543.0,13.0,244.0,2251.0,32400.0,3
2019,3,50416.0,49156.0,8063.0,5224.0,1592.0,114451.0,4
2019,3,37298.0,27090.0,1917.0,15149.0,7551.0,89005.0,5
2019,3,307780.0,399231.0,30064.0,37277.0,8701.0,783053.0,6
2019,3,53344.0,50230.0,1888.0,2458.0,4839.0,112759.0,7
2019,3,94947.0,96305.0,12888.0,18530.0,15432.0,238102.0,8
2019,3,21777.0,8359.0,1476.0,14292.0,162.0,46066.0,9
2019,3,33110.0,35742.0,274.0,812.0,16638.0,86576.0,10
2019,3,19469.0,52941.0,4994.0,11462.0,1962.0,90828.0,11
2019,3,14390.0,34984.0,11.0,251.0,41.0,49677.0,12
2019,3,148640.0,54312.0,6865.0,12975.0,1545.0,224337.0,13
2019,3,54493.0,65872.0,829.0,419.0,12270.0,133883.0,14
2019,3,43347.0,60484.0,5560.0,13512.0,2518.0,125421.0,15
2019,3,67478.0,37425.0,9739.0,10806.0,18847.0,144295.0,16
2019,3,65799.0,74329.0,733.0,1580.0,9394.0,151835.0,17
2019,3,51670.0,7425.0,1227.0,7241.0,5535.0,73098.0,18
2019,3,13037.0,10561.0,350.0,62286.0,36466.0,122700.0,19
2019,3,10663.0,17056.0,969.0,6544.0,2738.0,37970.0,20
2019,3,319396.0,377171.0,18690.0,24269.0,21408.0,760934.0,21
2019,3,24556.0,71198.0,219.0,2759.0,34400.0,133132.0,22
2019,3,19790.0,26659.0,651.0,0.0,1487.0,48587.0,23
2019,3,150918.0,12089.0,116.0,684.0,324.0,164131.0,24
2019,2,1284658.0,2079900.0,382971.0,75240.0,32929.0,3855698.0,1
2019,2,309937.0,1061358.0,36082.0,3962.0,4281.0,1415620.0,2
2019,2,25682.0,5543.0,13.0,146.0,2251.0,33635.0,3
2019,2,50765.0,47448.0,4203.0,4727.0,1591.0,108734.0,4
2019,2,37313.0,26338.0,1917.0,14443.0,7545.0,87556.0,5
2019,2,314768.0,388254.0,23023.0,33847.0,15236.0,775128.0,6
2019,2,53835.0,47431.0,1701.0,2444.0,6138.0,111549.0,7
2019,2,97081.0,91081.0,12764.0,17369.0,17529.0,235824.0,8
2019,2,21916.0,8686.0,1382.0,14292.0,162.0,46438.0,9
2019,2,33022.0,30742.0,274.0,812.0,21857.0,86707.0,10
2019,2,19471.0,52101.0,4840.0,10789.0,3004.0,90205.0,11
2019,2,15014.0,34984.0,11.0,251.0,41.0,50301.0,12
2019,2,148673.0,54027.0,6865.0,12748.0,1544.0,223857.0,13
2019,2,55373.0,64272.0,543.0,421.0,12269.0,132878.0,14
2019,2,43420.0,59021.0,4983.0,12792.0,2737.0,122953.0,15
2019,2,67841.0,36527.0,4037.0,10485.0,19657.0,138547.0,16
2019,2,68827.0,62343.0,725.0,1210.0,9463.0,142568.0,17
2019,2,51680.0,7425.0,1174.0,2870.0,6876.0,70025.0,18
2019,2,11130.0,10298.0,347.0,57242.0,38368.0,117385.0,19
2019,2,10665.0,10257.0,379.0,6514.0,2735.0,30550.0,20
2019,2,325420.0,355140.0,18236.0,21980.0,22708.0,743484.0,21
2019,2,24393.0,64783.0,219.0,2759.0,34600.0,126754.0,22
2019,2,19790.0,25527.0,651.0,0.0,1486.0,47454.0,23
2019,2,153121.0,12089.0,116.0,684.0,321.0,166331.0,24
2019,1,1304507.0,2020730.0,336362.0,64867.0,20201.0,3746667.0,1
2019,1,328246.0,1030814.0,32281.0,3978.0,4281.0,1399600.0,2
2019,1,26912.0,4443.0,16.0,0.0,2251.0,33622.0,3
2019,1,53409.0,43555.0,1951.0,3628.0,1134.0,103677.0,4
2019,1,37302.0,23065.0,1923.0,14443.0,3045.0,79778.0,5
2019,1,323272.0,363959.0,19902.0,24615.0,12367.0,744115.0,6
2019,1,55842.0,43444.0,1615.0,1528.0,58.0,102487.0,7
2019,1,100999.0,90253.0,12723.0,16231.0,12241.0,232447.0,8
2019,1,22570.0,7878.0,940.0,13761.0,62.0,45211.0,9
2019,1,33248.0,12484.0,153.0,640.0,43622.0,90147.0,10
2019,1,18832.0,57373.0,2891.0,9023.0,1041.0,89160.0,11
2019,1,16367.0,34984.0,12.0,252.0,41.0,51656.0,12
2019,1,148524.0,40205.0,5662.0,10363.0,1544.0,206298.0,13
2019,1,54898.0,59214.0,465.0,426.0,7717.0,122720.0,14
2019,1,40747.0,55634.0,3114.0,12510.0,2372.0,114377.0,15
2019,1,68377.0,34124.0,3994.0,9736.0,4857.0,121088.0,16
2019,1,74426.0,57933.0,647.0,1135.0,1879.0,136020.0,17
2019,1,51660.0,5838.0,808.0,2932.0,1207.0,62445.0,18
2019,1,11108.0,7784.0,378.0,53097.0,23968.0,96335.0,19
2019,1,10659.0,4615.0,382.0,6514.0,2735.0,24905.0,20
2019,1,340038.0,340344.0,15621.0,23215.0,17860.0,737078.0,21
2019,1,25337.0,61547.0,23.0,2847.0,99.0,89853.0,22
2019,1,19789.0,23549.0,1623.0,0.0,1486.0,46447.0,23
2019,1,159215.0,11670.0,118.0,678.0,321.0,172002.0,24
2018,4,1305576.0,1949637.0,296102.0,65477.0,19814.0,3636606.0,1
2018,4,328253.0,1019490.0,33042.0,3978.0,4257.0,1389020.0,2
2018,4,26912.0,4443.0,16.0,0.0,2212.0,33583.0,3
2018,4,53409.0,43555.0,1940.0,3236.0,1130.0,103270.0,4
2018,4,37215.0,23065.0,952.0,14443.0,3047.0,78722.0,5
2018,4,328854.0,355716.0,17675.0,21851.0,13243.0,737339.0,6
2018,4,55842.0,42418.0,796.0,1515.0,30.0,100601.0,7
2018,4,101168.0,86198.0,4853.0,15472.0,14356.0,222047.0,8
2018,4,22619.0,7880.0,887.0,13761.0,57.0,45204.0,9
2018,4,33248.0,12484.0,153.0,640.0,43608.0,90133.0,10
2018,4,18832.0,55337.0,2685.0,7772.0,1010.0,85636.0,11
2018,4,16367.0,34984.0,12.0,252.0,36.0,51651.0,12
2018,4,148524.0,40205.0,5665.0,10363.0,1547.0,206304.0,13
2018,4,55500.0,53673.0,465.0,426.0,6209.0,116273.0,14
2018,4,40747.0,55634.0,3115.0,12425.0,2444.0,114365.0,15
2018,4,68377.0,34292.0,1299.0,8037.0,4832.0,116837.0,16
2018,4,74295.0,57539.0,638.0,253.0,1853.0,134578.0,17
2018,4,51660.0,5838.0,806.0,2883.0,1211.0,62398.0,18
2018,4,11108.0,7784.0,378.0,53097.0,23964.0,96331.0,19
2018,4,10659.0,4615.0,382.0,6378.0,2734.0,24768.0,20
2018,4,335519.0,322782.0,14387.0,18705.0,28997.0,720390.0,21
2018,4,25339.0,61243.0,23.0,2649.0,81.0,89335.0,22
2018,4,19789.0,23349.0,1623.0,0.0,1499.0,46260.0,23
2018,4,159215.0,11670.0,119.0,686.0,314.0,172004.0,24
2018,3,1435856.0,1929273.0,156382.0,62318.0,26448.0,3610277.0,1
2018,3,334353.0,1009252.0,35694.0,3872.0,9319.0,1392490.0,2
2018,3,27553.0,4443.0,15.0,1.0,2214.0,34226.0,3
2018,3,53927.0,42359.0,1990.0,2628.0,1129.0,102033.0,4
2018,3,58887.0,23065.0,1239.0,13817.0,6728.0,103736.0,5
2018,3,337620.0,342401.0,15785.0,19213.0,10839.0,725858.0,6
2018,3,56444.0,41300.0,212.0,1468.0,32.0,99456.0,7
2018,3,103318.0,83714.0,2403.0,15093.0,80.0,204608.0,8
2018,3,22777.0,7589.0,817.0,13625.0,57.0,44865.0,9
2018,3,33363.0,10856.0,32.0,641.0,43.0,44935.0,10
2018,3,12415.0,54574.0,8437.0,7011.0,987.0,83424.0,11
2018,3,16587.0,34984.0,13.0,253.0,35.0,51872.0,12
2018,3,151033.0,40205.0,5744.0,8195.0,1852.0,207029.0,13
2018,3,56290.0,50793.0,512.0,391.0,56.0,108042.0,14
2018,3,46602.0,54129.0,998.0,12277.0,2712.0,116718.0,15
2018,3,68590.0,33474.0,1252.0,5051.0,5125.0,113492.0,16
2018,3,76600.0,53980.0,678.0,234.0,1391.0,132883.0,17
2018,3,54025.0,5838.0,826.0,2744.0,1048.0,64481.0,18
2018,3,11096.0,7784.0,368.0,52859.0,2314.0,74421.0,19
2018,3,18606.0,4574.0,585.0,6238.0,3996.0,33999.0,20
2018,3,339126.0,312866.0,11749.0,16337.0,15022.0,695100.0,21
2018,3,25805.0,58789.0,23.0,1662.0,81.0,86360.0,22
2018,3,19365.0,22649.0,1502.0,1.0,2047.0,45564.0,23
2018,3,161209.0,9280.0,110.0,252.0,315.0,171166.0,24
2018,2,1450203.0,1807868.0,143626.0,71256.0,27746.0,3500699.0,1
2018,2,342431.0,977916.0,35610.0,3908.0,9321.0,1369186.0,2
2018,2,27444.0,4415.0,15.0,1.0,2214.0,34089.0,3
2018,2,54134.0,40750.0,562.0,1946.0,1129.0,98521.0,4
2018,2,58935.0,19591.0,1239.0,14070.0,6729.0,100564.0,5
2018,2,345141.0,327636.0,13832.0,16355.0,10109.0,713073.0,6
2018,2,56541.0,39715.0,201.0,1468.0,32.0,97957.0,7
2018,2,104811.0,80376.0,2405.0,12313.0,80.0,199985.0,8
2018,2,23543.0,7311.0,18.0,13625.0,57.0,44554.0,9
2018,2,33571.0,10856.0,23.0,640.0,43.0,45133.0,10
2018,2,12416.0,53587.0,8420.0,7011.0,987.0,82421.0,11
2018,2,16663.0,34984.0,13.0,253.0,35.0,51948.0,12
2018,2,152938.0,36872.0,3084.0,6206.0,1852.0,200952.0,13
2018,2,57265.0,47923.0,512.0,391.0,56.0,106147.0,14
2018,2,46633.0,52855.0,998.0,12649.0,2713.0,115848.0,15
2018,2,68667.0,32795.0,1252.0,4396.0,5125.0,112235.0,16
2018,2,78386.0,53478.0,678.0,234.0,1391.0,134167.0,17
2018,2,54080.0,5068.0,826.0,3079.0,1048.0,64101.0,18
2018,2,11104.0,7666.0,368.0,16.0,2314.0,21468.0,19
2018,2,18615.0,4474.0,585.0,6734.0,3997.0,34405.0,20
2018,2,337934.0,304349.0,11354.0,15801.0,15114.0,684552.0,21
2018,2,26074.0,55935.0,23.0,1662.0,81.0,83775.0,22
2018,2,19372.0,22756.0,531.0,1.0,2047.0,44707.0,23
2018,2,160315.0,8965.0,110.0,252.0,315.0,169957.0,24
2018,1,1452061.0,1793884.0,133928.0,64379.0,31194.0,3475446.0,1
2018,1,349995.0,968483.0,35535.0,3164.0,9393.0,1366570.0,2
2018,1,27300.0,4415.0,15.0,1.0,2214.0,33945.0,3
2018,1,54879.0,40157.0,383.0,388.0,1130.0,96937.0,4
2018,1,56375.0,19591.0,1194.0,14070.0,6729.0,97959.0,5
2018,1,349342.0,326894.0,13178.0,13237.0,11275.0,713926.0,6
2018,1,56937.0,35225.0,888.0,1334.0,33.0,94417.0,7
2018,1,106998.0,75751.0,3789.0,10776.0,80.0,197394.0,8
2018,1,23556.0,7095.0,17.0,1603.0,57.0,32328.0,9
2018,1,33856.0,10456.0,23.0,28.0,43.0,44406.0,10
2018,1,10807.0,51389.0,8386.0,10556.0,1926.0,83064.0,11
2018,1,16960.0,34984.0,13.0,253.0,35.0,52245.0,12
2018,1,152931.0,36872.0,3086.0,6206.0,1852.0,200947.0,13
2018,1,56311.0,46880.0,328.0,5.0,56.0,103580.0,14
2018,1,46714.0,55072.0,1000.0,12404.0,2713.0,117903.0,15
2018,1,68769.0,31712.0,1251.0,4259.0,5128.0,111119.0,16
2018,1,79936.0,51534.0,118.0,204.0,1391.0,133183.0,17
2018,1,54080.0,5068.0,826.0,2246.0,1048.0,63268.0,18
2018,1,11104.0,7594.0,368.0,16.0,2314.0,21396.0,19
2018,1,18615.0,4474.0,1799.0,6734.0,2783.0,34405.0,20
2018,1,341997.0,300421.0,10674.0,11636.0,15298.0,680026.0,21
2018,1,26788.0,54594.0,23.0,1432.0,81.0,82918.0,22
2018,1,19372.0,9663.0,531.0,1.0,2047.0,31614.0,23
2018,1,158611.0,8921.0,107.0,368.0,50.0,168057.0,24
2017,4,1241172.0,1718013.0,131181.0,60082.0,31448.0,3181896.0,1
2017,4,571363.0,961688.0,36277.0,3119.0,9877.0,1582324.0,2
2017,4,27083.0,263.0,11.0,1.0,2200.0,29558.0,3
2017,4,55035.0,39690.0,389.0,380.0,1121.0,96615.0,4
2017,4,56378.0,15097.0,1187.0,14070.0,6708.0,93440.0,5
2017,4,349710.0,324709.0,12778.0,12043.0,10739.0,709979.0,6
2017,4,56786.0,34722.0,894.0,1334.0,35.0,93771.0,7
2017,4,107764.0,73692.0,1894.0,10267.0,86.0,193703.0,8
2017,4,23410.0,6973.0,19.0,1603.0,51.0,32056.0,9
2017,4,33844.0,9626.0,20.0,28.0,34.0,43552.0,10
2017,4,10808.0,50495.0,8272.0,10569.0,1927.0,82071.0,11
2017,4,16912.0,34984.0,14.0,253.0,31.0,52194.0,12
2017,4,152896.0,16114.0,3015.0,6206.0,1920.0,180151.0,13
2017,4,56271.0,47470.0,95.0,5.0,54.0,103895.0,14
2017,4,46739.0,54119.0,1017.0,12404.0,2692.0,116971.0,15
2017,4,68690.0,30451.0,1250.0,4259.0,5114.0,109764.0,16
2017,4,80705.0,50446.0,127.0,158.0,1376.0,132812.0,17
2017,4,54079.0,451.0,812.0,2246.0,1036.0,58624.0,18
2017,4,11104.0,1119.0,335.0,17.0,2329.0,14904.0,19
2017,4,18614.0,1668.0,582.0,4638.0,3950.0,29452.0,20
2017,4,341680.0,293831.0,10602.0,10965.0,15382.0,672460.0,21
2017,4,27313.0,40407.0,19.0,1025.0,80.0,68844.0,22
2017,4,19372.0,6906.0,530.0,1.0,2045.0,28854.0,23
2017,4,156583.0,5223.0,105.0,102.0,319.0,162332.0,24
2017,3,1288025.0,1571180.0,124920.0,35058.0,38777.0,3057960.0,1
2017,3,583249.0,941092.0,33481.0,2814.0,9723.0,1570359.0,2
2017,3,26873.0,4411.0,12.0,1.0,2181.0,33478.0,3
2017,3,54888.0,37307.0,456.0,36.0,1072.0,93759.0,4
2017,3,56359.0,5645.0,1217.0,13503.0,6820.0,83544.0,5
2017,3,344580.0,319360.0,10579.0,7137.0,14988.0,696644.0,6
2017,3,56247.0,33993.0,947.0,1334.0,27.0,92548.0,7
2017,3,107774.0,69596.0,1786.0,6245.0,63.0,185464.0,8
2017,3,22647.0,6816.0,428.0,2202.0,12.0,32105.0,9
2017,3,33796.0,9395.0,20.0,23.0,8.0,43242.0,10
2017,3,11378.0,49679.0,5153.0,11536.0,1944.0,79690.0,11
2017,3,16638.0,34984.0,14.0,252.0,25.0,51913.0,12
2017,3,154036.0,33788.0,2772.0,29.0,1866.0,192491.0,13
2017,3,56472.0,43880.0,110.0,5.0,9.0,100476.0,14
2017,3,48001.0,52468.0,1044.0,11576.0,2695.0,115784.0,15
2017,3,69301.0,30018.0,1106.0,3054.0,4017.0,107496.0,16
2017,3,80782.0,50284.0,127.0,158.0,1167.0,132518.0,17
2017,3,54499.0,5068.0,816.0,1053.0,1013.0,62449.0,18
2017,3,11407.0,7576.0,347.0,26.0,2363.0,21719.0,19
2017,3,19220.0,5487.0,1544.0,4552.0,2887.0,33690.0,20
2017,3,322953.0,290655.0,6338.0,4897.0,37499.0,662342.0,21
2017,3,27733.0,54096.0,19.0,911.0,35.0,82794.0,22
2017,3,21587.0,7012.0,622.0,1.0,2244.0,31466.0,23
2017,3,154130.0,6431.0,106.0,40.0,305.0,161012.0,24
2017,2,1378549.0,1535037.0,119132.0,21555.0,24358.0,3078631.0,1
2017,2,615262.0,932466.0,38628.0,2819.0,11016.0,1600191.0,2
2017,2,26401.0,255.0,14.0,1.0,34.0,26705.0,3
2017,2,54449.0,35613.0,458.0,52.0,39.0,90611.0,4
2017,2,43994.0,1067.0,916.0,13194.0,4804.0,63975.0,5
2017,2,341748.0,303488.0,4451.0,6446.0,1505.0,657638.0,6
2017,2,55262.0,33192.0,258.0,1354.0,31.0,90097.0,7
2017,2,108309.0,67650.0,254.0,6448.0,71.0,182732.0,8
2017,2,22493.0,6410.0,17.0,1023.0,13.0,29956.0,9
2017,2,33742.0,8858.0,22.0,0.0,35.0,42657.0,10
2017,2,12754.0,48310.0,5194.0,6253.0,511.0,73022.0,11
2017,2,16244.0,0.0,15.0,2.0,28.0,16289.0,12
2017,2,153331.0,13030.0,2581.0,27.0,1784.0,170753.0,13
2017,2,56752.0,42925.0,103.0,5.0,9.0,99794.0,14
2017,2,51794.0,50283.0,1133.0,11545.0,2678.0,117433.0,15
2017,2,67038.0,29147.0,961.0,3213.0,1260.0,101619.0,16
2017,2,80184.0,27280.0,115.0,158.0,804.0,108541.0,17
2017,2,48670.0,451.0,772.0,1073.0,915.0,51881.0,18
2017,2,11432.0,1120.0,354.0,26.0,375.0,13307.0,19
2017,2,15311.0,2722.0,1365.0,4735.0,2255.0,26388.0,20
2017,2,329813.0,228102.0,3234.0,4958.0,1173.0,567280.0,21
2017,2,28337.0,3900.0,19.0,911.0,29.0,33196.0,22
2017,2,22636.0,6905.0,665.0,1.0,2350.0,32557.0,23
2017,2,149013.0,5223.0,116.0,14.0,45.0,154411.0,24
2017,1,1559178.0,1465817.0,118839.0,21200.0,24342.0,3189376.0,1
2017,1,428801.0,918328.0,38259.0,2730.0,10928.0,1399046.0,2
2017,1,26020.0,248.0,14.0,1.0,34.0,26317.0,3
2017,1,54430.0,34277.0,252.0,52.0,39.0,89050.0,4
2017,1,43994.0,999.0,916.0,13194.0,4793.0,63896.0,5
2017,1,335673.0,293479.0,4871.0,5782.0,1394.0,641199.0,6
2017,1,54993.0,31994.0,236.0,1354.0,31.0,88608.0,7
2017,1,108509.0,65095.0,230.0,6448.0,71.0,180353.0,8
2017,1,22438.0,6215.0,16.0,1023.0,13.0,29705.0,9
2017,1,33869.0,9278.0,22.0,0.0,34.0,43203.0,10
2017,1,12754.0,47195.0,5194.0,6253.0,517.0,71913.0,11
2017,1,16180.0,0.0,15.0,2.0,28.0,16225.0,12
2017,1,153326.0,13030.0,2581.0,27.0,1769.0,170733.0,13
2017,1,57363.0,40142.0,101.0,5.0,8.0,97619.0,14
2017,1,51771.0,48109.0,1124.0,11665.0,2670.0,115339.0,15
2017,1,67075.0,28785.0,954.0,3213.0,1261.0,101288.0,16
2017,1,79837.0,26845.0,114.0,158.0,679.0,107633.0,17
2017,1,48670.0,451.0,772.0,1073.0,907.0,51873.0,18
2017,1,11432.0,1120.0,354.0,26.0,375.0,13307.0,19
2017,1,15502.0,2722.0,1272.0,4733.0,2257.0,26486.0,20
2017,1,327458.0,226094.0,3210.0,4948.0,1172.0,562882.0,21
2017,1,29616.0,3900.0,19.0,911.0,29.0,34475.0,22
2017,1,22636.0,6905.0,665.0,1.0,2350.0,32557.0,23
2017,1,147373.0,5223.0,116.0,14.0,45.0,152771.0,24
2016,4,1563542.0,1414676.0,118747.0,21394.0,24342.0,3142701.0,1
2016,4,434835.0,914952.0,38161.0,2583.0,10928.0,1401459.0,2
2016,4,26735.0,250.0,14.0,1.0,34.0,27034.0,3
2016,4,54974.0,33534.0,248.0,52.0,39.0,88847.0,4
2016,4,43994.0,955.0,916.0,13107.0,4793.0,63765.0,5
2016,4,337368.0,289344.0,3368.0,5686.0,789.0,636555.0,6
2016,4,54981.0,31497.0,233.0,1354.0,31.0,88096.0,7
2016,4,109359.0,64141.0,226.0,6448.0,71.0,180245.0,8
2016,4,22400.0,6061.0,16.0,1023.0,13.0,29513.0,9
2016,4,33838.0,8731.0,22.0,0.0,34.0,42625.0,10
2016,4,12754.0,47245.0,5054.0,6253.0,522.0,71828.0,11
2016,4,16270.0,0.0,16.0,2.0,28.0,16316.0,12
2016,4,153320.0,13030.0,2579.0,27.0,1769.0,170725.0,13
2016,4,57983.0,39294.0,100.0,5.0,8.0,97390.0,14
2016,4,51742.0,46389.0,1124.0,11910.0,2670.0,113835.0,15
2016,4,67057.0,28474.0,954.0,3274.0,1261.0,101020.0,16
2016,4,79389.0,26657.0,110.0,158.0,621.0,106935.0,17
2016,4,48670.0,451.0,772.0,1121.0,907.0,51921.0,18
2016,4,11432.0,1120.0,354.0,26.0,375.0,13307.0,19
2016,4,15607.0,2722.0,1055.0,4823.0,2257.0,26464.0,20
2016,4,326721.0,225792.0,3201.0,4946.0,1172.0,561832.0,21
2016,4,30192.0,3900.0,19.0,911.0,29.0,35051.0,22
2016,4,22636.0,6905.0,665.0,1.0,2350.0,32557.0,23
2016,4,146995.0,4482.0,116.0,14.0,45.0,151652.0,24
2016,3,1574216.0,1355770.0,113463.0,18867.0,24276.0,3086592.0,1
2016,3,447726.0,905105.0,36796.0,2514.0,10963.0,1403104.0,2
2016,3,26689.0,248.0,14.0,1.0,18.0,26970.0,3
2016,3,56251.0,32730.0,232.0,2.0,15.0,89230.0,4
2016,3,43987.0,935.0,916.0,13364.0,4750.0,63952.0,5
2016,3,348481.0,285480.0,2540.0,5695.0,395.0,642591.0,6
2016,3,55934.0,30813.0,217.0,1354.0,22.0,88340.0,7
2016,3,112588.0,61850.0,206.0,6441.0,64.0,181149.0,8
2016,3,21800.0,5905.0,9.0,0.0,2.0,27716.0,9
2016,3,34250.0,8236.0,22.0,0.0,30.0,42538.0,10
2016,3,12751.0,45952.0,4910.0,6236.0,515.0,70364.0,11
2016,3,16891.0,0.0,15.0,2.0,22.0,16930.0,12
2016,3,153233.0,13030.0,2576.0,28.0,1757.0,170624.0,13
2016,3,59776.0,38130.0,79.0,5.0,7.0,97997.0,14
2016,3,51752.0,44739.0,1093.0,12402.0,2617.0,112603.0,15
2016,3,67043.0,28496.0,942.0,3293.0,1252.0,101026.0,16
2016,3,80866.0,26113.0,90.0,157.0,565.0,107791.0,17
2016,3,48670.0,451.0,770.0,1174.0,903.0,51968.0,18
2016,3,11432.0,1113.0,354.0,23.0,371.0,13293.0,19
2016,3,15570.0,2722.0,817.0,4978.0,2170.0,26257.0,20
2016,3,334911.0,223011.0,3037.0,4862.0,1190.0,567011.0,21
2016,3,31730.0,3900.0,19.0,3.0,8.0,35660.0,22
2016,3,22636.0,6276.0,665.0,1.0,2347.0,31925.0,23
2016,3,147259.0,3850.0,116.0,53.0,41.0,151319.0,24
2016,2,1579448.0,1305949.0,113070.0,21163.0,25661.0,3045291.0,1
2016,2,450644.0,892209.0,36669.0,2390.0,12672.0,1394584.0,2
2016,2,26262.0,245.0,14.0,1.0,34.0,26556.0,3
2016,2,56112.0,31825.0,221.0,52.0,41.0,88251.0,4
2016,2,43977.0,867.0,916.0,13293.0,4803.0,63856.0,5
2016,2,348891.0,277615.0,1709.0,5610.0,1089.0,634914.0,6
2016,2,55511.0,29845.0,203.0,1354.0,43.0,86956.0,7
2016,2,112809.0,58768.0,169.0,6434.0,193.0,178373.0,8
2016,2,22101.0,5658.0,6.0,1023.0,14.0,28802.0,9
2016,2,33758.0,7374.0,22.0,0.0,35.0,41189.0,10
2016,2,12754.0,44654.0,4708.0,6225.0,547.0,68888.0,11
2016,2,16691.0,0.0,15.0,2.0,28.0,16736.0,12
2016,2,153321.0,13030.0,2576.0,29.0,1868.0,170824.0,13
2016,2,59573.0,36145.0,77.0,5.0,15.0,95815.0,14
2016,2,51742.0,42370.0,1088.0,12466.0,2849.0,110515.0,15
2016,2,67031.0,28100.0,939.0,3300.0,1334.0,100704.0,16
2016,2,79438.0,24719.0,85.0,151.0,539.0,104932.0,17
2016,2,48670.0,451.0,770.0,1214.0,908.0,52013.0,18
2016,2,11432.0,1063.0,354.0,30.0,377.0,13256.0,19
2016,2,15453.0,2722.0,396.0,4996.0,2586.0,26153.0,20
2016,2,336244.0,219088.0,2981.0,4744.0,1417.0,564474.0,21
2016,2,32101.0,3900.0,19.0,911.0,30.0,36961.0,22
2016,2,22636.0,5707.0,665.0,1.0,2350.0,31359.0,23
2016,2,145486.0,2968.0,116.0,58.0,49.0,148677.0,24
2016,1,1583560.0,1200859.0,111231.0,21108.0,25757.0,2942515.0,1
2016,1,454425.0,832126.0,36332.0,2284.0,12729.0,1337896.0,2
2016,1,26096.0,243.0,15.0,1.0,34.0,26389.0,3
2016,1,56353.0,29994.0,211.0,52.0,41.0,86651.0,4
2016,1,43967.0,834.0,916.0,13280.0,4803.0,63800.0,5
2016,1,350884.0,252346.0,674.0,5636.0,386.0,609926.0,6
2016,1,55454.0,28491.0,192.0,1354.0,45.0,85536.0,7
2016,1,113101.0,54948.0,146.0,6425.0,193.0,174813.0,8
2016,1,21852.0,5420.0,5.0,1023.0,14.0,28314.0,9
2016,1,33481.0,6751.0,22.0,0.0,35.0,40289.0,10
2016,1,12754.0,41881.0,4536.0,6209.0,549.0,65929.0,11
2016,1,16645.0,0.0,16.0,2.0,28.0,16691.0,12
2016,1,153299.0,13030.0,2576.0,34.0,1871.0,170810.0,13
2016,1,59538.0,33330.0,70.0,5.0,15.0,92958.0,14
2016,1,51702.0,36122.0,1085.0,12502.0,2850.0,104261.0,15
2016,1,66894.0,27312.0,937.0,3341.0,1338.0,99822.0,16
2016,1,78973.0,22741.0,73.0,132.0,507.0,102426.0,17
2016,1,48670.0,451.0,770.0,1195.0,908.0,51994.0,18
2016,1,11432.0,1042.0,354.0,27.0,377.0,13232.0,19
2016,1,15654.0,2723.0,396.0,5088.0,2426.0,26287.0,20
2016,1,338052.0,204816.0,3014.0,4686.0,1428.0,551996.0,21
2016,1,32838.0,3900.0,19.0,911.0,30.0,37698.0,22
2016,1,22636.0,4834.0,665.0,1.0,2350.0,30486.0,23
2016,1,144233.0,2165.0,116.0,74.0,49.0,146637.0,24
2015,4,1586343.0,1223603.0,103269.0,20397.0,25773.0,2959385.0,1
2015,4,455427.0,879950.0,19818.0,2273.0,12758.0,1370226.0,2
2015,4,26180.0,242.0,15.0,1.0,34.0,26472.0,3
2015,4,56818.0,29456.0,186.0,52.0,41.0,86553.0,4
2015,4,43968.0,811.0,916.0,13521.0,4803.0,64019.0,5
2015,4,353530.0,266062.0,480.0,5613.0,385.0,626070.0,6
2015,4,55681.0,28178.0,177.0,1354.0,45.0,85435.0,7
2015,4,113983.0,53411.0,122.0,6427.0,194.0,174137.0,8
2015,4,21734.0,5314.0,4.0,1023.0,14.0,28089.0,9
2015,4,32934.0,6933.0,22.0,0.0,35.0,39924.0,10
2015,4,12755.0,42705.0,4327.0,6205.0,374.0,66366.0,11
2015,4,16886.0,0.0,16.0,2.0,28.0,16932.0,12
2015,4,153293.0,13030.0,2572.0,38.0,1874.0,170807.0,13
2015,4,60252.0,32533.0,48.0,5.0,15.0,92853.0,14
2015,4,51680.0,38902.0,1048.0,12934.0,2852.0,107416.0,15
2015,4,66851.0,27221.0,915.0,3407.0,1328.0,99722.0,16
2015,4,78744.0,22446.0,47.0,129.0,554.0,101920.0,17
2015,4,48670.0,451.0,770.0,1230.0,908.0,52029.0,18
2015,4,11432.0,1025.0,354.0,30.0,377.0,13218.0,19
2015,4,15614.0,2723.0,396.0,5261.0,2409.0,26403.0,20
2015,4,339843.0,212911.0,2885.0,4596.0,1437.0,561672.0,21
2015,4,33582.0,4365.0,19.0,1139.0,30.0,39135.0,22
2015,4,22636.0,4301.0,665.0,1.0,2350.0,29953.0,23
2015,4,144188.0,1653.0,116.0,88.0,50.0,146095.0,24
2015,3,1585467.0,1183894.0,113590.0,19989.0,25825.0,2928765.0,1
2015,3,454815.0,871262.0,30974.0,2229.0,12788.0,1372068.0,2
2015,3,25801.0,242.0,15.0,1.0,34.0,26093.0,3
2015,3,56282.0,28809.0,186.0,52.0,41.0,85370.0,4
2015,3,43964.0,792.0,916.0,13408.0,4803.0,63883.0,5
2015,3,351692.0,264055.0,1450.0,5412.0,389.0,622998.0,6
2015,3,55792.0,27604.0,176.0,1340.0,47.0,84959.0,7
2015,3,113909.0,51945.0,122.0,6261.0,197.0,172434.0,8
2015,3,21573.0,5264.0,2.0,899.0,14.0,27752.0,9
2015,3,32598.0,6895.0,22.0,0.0,35.0,39550.0,10
2015,3,12755.0,41886.0,4078.0,6195.0,557.0,65471.0,11
2015,3,16725.0,0.0,16.0,2.0,28.0,16771.0,12
2015,3,153299.0,13030.0,2572.0,42.0,1880.0,170823.0,13
2015,3,59921.0,31635.0,46.0,5.0,15.0,91622.0,14
2015,3,47102.0,36620.0,1045.0,13051.0,2798.0,100616.0,15
2015,3,66806.0,27130.0,917.0,3415.0,1346.0,99614.0,16
2015,3,78064.0,21688.0,47.0,129.0,645.0,100573.0,17
2015,3,48670.0,451.0,770.0,1231.0,908.0,52030.0,18
2015,3,11432.0,1025.0,354.0,31.0,377.0,13219.0,19
2015,3,15540.0,2718.0,396.0,5226.0,2391.0,26271.0,20
2015,3,337042.0,209673.0,4169.0,4426.0,1428.0,556738.0,21
2015,3,33886.0,4365.0,19.0,1097.0,30.0,39397.0,22
2015,3,22636.0,8085.0,665.0,1.0,2350.0,33737.0,23
2015,3,142925.0,1135.0,116.0,88.0,50.0,144314.0,24
2015,2,1581770.0,1141052.0,115660.0,19268.0,26040.0,2883790.0,1
2015,2,453178.0,858342.0,19786.0,2172.0,12806.0,1346284.0,2
2015,2,25387.0,242.0,15.0,1.0,34.0,25679.0,3
2015,2,55767.0,27809.0,179.0,52.0,41.0,83848.0,4
2015,2,43949.0,762.0,916.0,13055.0,4803.0,63485.0,5
2015,2,348130.0,255596.0,435.0,5199.0,386.0,609746.0,6
2015,2,55238.0,26553.0,157.0,1321.0,47.0,83316.0,7
2015,2,113378.0,49767.0,119.0,6031.0,197.0,169492.0,8
2015,2,21097.0,5164.0,2.0,737.0,50.0,27050.0,9
2015,2,32183.0,5482.0,22.0,0.0,35.0,37722.0,10
2015,2,12756.0,40825.0,3719.0,6190.0,562.0,64052.0,11
2015,2,16463.0,0.0,16.0,2.0,28.0,16509.0,12
2015,2,153301.0,13030.0,2572.0,38.0,1882.0,170823.0,13
2015,2,59179.0,29283.0,37.0,5.0,15.0,88519.0,14
2015,2,47078.0,34183.0,1044.0,12781.0,2799.0,97885.0,15
2015,2,66738.0,26268.0,916.0,3457.0,1348.0,98727.0,16
2015,2,77214.0,20297.0,47.0,129.0,580.0,98267.0,17
2015,2,48670.0,451.0,770.0,1189.0,908.0,51988.0,18
2015,2,11432.0,1025.0,354.0,33.0,377.0,13221.0,19
2015,2,15343.0,2707.0,396.0,4917.0,2400.0,25763.0,20
2015,2,333117.0,204685.0,2877.0,4320.0,1389.0,546388.0,21
2015,2,33873.0,4365.0,19.0,1091.0,30.0,39378.0,22
2015,2,22636.0,7927.0,665.0,1.0,2350.0,33579.0,23
2015,2,139944.0,479.0,116.0,88.0,50.0,140677.0,24
2015,1,1583135.0,1096836.0,134177.0,18754.0,28940.0,2861842.0,1
2015,1,454934.0,841743.0,19334.0,1994.0,14716.0,1332721.0,2
2015,1,25033.0,241.0,16.0,1.0,41.0,25332.0,3
2015,1,54952.0,26161.0,164.0,27.0,56.0,81360.0,4
2015,1,45645.0,717.0,906.0,12540.0,5465.0,65273.0,5
2015,1,343883.0,247564.0,415.0,4645.0,450.0,596957.0,6
2015,1,54649.0,25372.0,129.0,1319.0,62.0,81531.0,7
2015,1,112363.0,47411.0,108.0,5943.0,245.0,166070.0,8
2015,1,21022.0,4951.0,1.0,670.0,56.0,26700.0,9
2015,1,31505.0,5048.0,22.0,0.0,36.0,36611.0,10
2015,1,13143.0,39571.0,3215.0,6164.0,604.0,62697.0,11
2015,1,16282.0,0.0,16.0,2.0,33.0,16333.0,12
2015,1,152433.0,13030.0,2542.0,29.0,2126.0,170160.0,13
2015,1,58262.0,26836.0,30.0,5.0,13.0,85146.0,14
2015,1,47518.0,32152.0,1024.0,12088.0,2960.0,95742.0,15
2015,1,66274.0,25217.0,907.0,3473.0,1462.0,97333.0,16
2015,1,76280.0,19781.0,47.0,129.0,574.0,96811.0,17
2015,1,48441.0,451.0,755.0,1165.0,1007.0,51819.0,18
2015,1,11414.0,1025.0,351.0,30.0,412.0,13232.0,19
2015,1,16215.0,2700.0,392.0,4772.0,2562.0,26641.0,20
2015,1,328809.0,199037.0,2845.0,4239.0,1507.0,536437.0,21
2015,1,33813.0,4365.0,19.0,1020.0,35.0,39252.0,22
2015,1,22291.0,7924.0,657.0,1.0,2583.0,33456.0,23
2015,1,137857.0,115.0,116.0,88.0,100.0,138276.0,24
2014,4,1575978.0,1070135.0,120528.0,17728.0,32038.0,2816407.0,1
2014,4,455785.0,840224.0,17155.0,1962.0,15394.0,1330520.0,2
2014,4,25192.0,241.0,16.0,0.0,44.0,25493.0,3
2014,4,55024.0,10918.0,31.0,0.0,62.0,66035.0,4
2014,4,48539.0,697.0,891.0,12256.0,6159.0,68542.0,5
2014,4,345157.0,240452.0,419.0,3918.0,486.0,590432.0,6
2014,4,54754.0,9526.0,40.0,1315.0,75.0,65710.0,7
2014,4,112291.0,23027.0,57.0,5178.0,260.0,140813.0,8
2014,4,21245.0,4896.0,1.0,0.0,65.0,26207.0,9
2014,4,31349.0,4583.0,22.0,37.0,11.0,36002.0,10
2014,4,16043.0,34281.0,514.0,5894.0,648.0,57380.0,11
2014,4,16352.0,0.0,17.0,0.0,33.0,16402.0,12
2014,4,151797.0,13030.0,2534.0,31.0,2222.0,169614.0,13
2014,4,58435.0,18613.0,16.0,150.0,15.0,77229.0,14
2014,4,47721.0,31778.0,1014.0,11853.0,3030.0,95396.0,15
2014,4,66307.0,23703.0,901.0,3819.0,1530.0,96260.0,16
2014,4,76026.0,17289.0,48.0,6.0,578.0,93947.0,17
2014,4,48653.0,451.0,740.0,1202.0,1073.0,52119.0,18
2014,4,11419.0,926.0,355.0,24.0,423.0,13147.0,19
2014,4,17553.0,448.0,388.0,4395.0,2929.0,25713.0,20
2014,4,335267.0,183009.0,3205.0,6282.0,1634.0,529397.0,21
2014,4,34110.0,4231.0,19.0,920.0,37.0,39317.0,22
2014,4,21948.0,3664.0,655.0,1.0,2722.0,28990.0,23
2014,4,137093.0,97.0,116.0,13.0,105.0,137424.0,24
2014,3,1562533.0,1110628.0,124474.0,20049.0,31881.0,2849565.0,1
2014,3,450155.0,833402.0,17886.0,1995.0,14387.0,1317825.0,2
2014,3,24380.0,244.0,15.0,0.0,47.0,24686.0,3
2014,3,53321.0,10336.0,29.0,1.0,59.0,63746.0,4
2014,3,49219.0,668.0,882.0,11853.0,6515.0,69137.0,5
2014,3,340212.0,240334.0,444.0,4064.0,377.0,585431.0,6
2014,3,52957.0,9184.0,31.0,1312.0,65.0,63549.0,7
2014,3,108907.0,22440.0,48.0,5203.0,135.0,136733.0,8
2014,3,21021.0,4836.0,0.0,0.0,80.0,25937.0,9
2014,3,30128.0,3541.0,22.0,37.0,13.0,33741.0,10
2014,3,16051.0,33940.0,538.0,11219.0,677.0,62425.0,11
2014,3,15864.0,0.0,14.0,1.0,37.0,15916.0,12
2014,3,150120.0,13030.0,2512.0,40.0,2222.0,167924.0,13
2014,3,56933.0,18373.0,4.0,3.0,14.0,75327.0,14
2014,3,54458.0,30964.0,1000.0,12858.0,3087.0,102367.0,15
2014,3,65264.0,26590.0,888.0,3533.0,1505.0,97780.0,16
2014,3,73828.0,18394.0,43.0,109.0,580.0,92954.0,17
2014,3,48272.0,451.0,731.0,1199.0,1126.0,51779.0,18
2014,3,11303.0,925.0,355.0,25.0,438.0,13046.0,19
2014,3,17862.0,492.0,385.0,4273.0,3098.0,26110.0,20
2014,3,325577.0,183630.0,4407.0,6540.0,733.0,520887.0,21
2014,3,32820.0,3900.0,19.0,768.0,41.0,37548.0,22
2014,3,21840.0,3469.0,650.0,1.0,2832.0,28792.0,23
2014,3,131739.0,97.0,117.0,13.0,100.0,132066.0,24
2014,2,1568881.0,1025490.0,120008.0,17020.0,33147.0,2764546.0,1
2014,2,447637.0,828411.0,17729.0,1883.0,14555.0,1310215.0,2
2014,2,24380.0,243.0,17.0,0.0,43.0,24683.0,3
2014,2,53321.0,9870.0,30.0,0.0,58.0,63279.0,4
2014,2,51070.0,649.0,866.0,10960.0,6974.0,70519.0,5
2014,2,337825.0,234729.0,351.0,3673.0,374.0,576952.0,6
2014,2,52883.0,8680.0,31.0,1309.0,55.0,62958.0,7
2014,2,108900.0,21706.0,49.0,4795.0,133.0,135583.0,8
2014,2,20894.0,4628.0,0.0,0.0,78.0,25600.0,9
2014,2,30128.0,4161.0,23.0,40.0,9.0,34361.0,10
2014,2,15957.0,32600.0,513.0,5869.0,689.0,55628.0,11
2014,2,15864.0,0.0,14.0,0.0,34.0,15912.0,12
2014,2,148979.0,13030.0,2480.0,36.0,2282.0,166807.0,13
2014,2,56933.0,17594.0,4.0,150.0,8.0,74689.0,14
2014,2,47767.0,29776.0,997.0,10765.0,2983.0,92288.0,15
2014,2,64920.0,24944.0,876.0,3657.0,1560.0,95957.0,16
2014,2,73841.0,17504.0,45.0,7.0,577.0,91974.0,17
2014,2,48161.0,451.0,722.0,1139.0,1173.0,51646.0,18
2014,2,11306.0,925.0,354.0,22.0,448.0,13055.0,19
2014,2,18956.0,448.0,381.0,4118.0,3266.0,27169.0,20
2014,2,324101.0,178495.0,3085.0,6041.0,636.0,512358.0,21
2014,2,32820.0,4231.0,19.0,907.0,34.0,38011.0,22
2014,2,21618.0,3008.0,648.0,1.0,2934.0,28209.0,23
2014,2,131740.0,97.0,121.0,13.0,98.0,132069.0,24
2014,1,1567685.0,1000879.0,120960.0,16528.0,33824.0,2739876.0,1
2014,1,445569.0,820161.0,17767.0,1866.0,14555.0,1299918.0,2
2014,1,24126.0,46.0,17.0,0.0,43.0,24232.0,3
2014,1,52971.0,9497.0,30.0,0.0,58.0,62556.0,4
2014,1,51066.0,539.0,866.0,10776.0,6974.0,70221.0,5
2014,1,336841.0,225769.0,347.0,3585.0,368.0,566910.0,6
2014,1,52565.0,8279.0,31.0,1306.0,55.0,62236.0,7
2014,1,107883.0,21379.0,49.0,4887.0,133.0,134331.0,8
2014,1,20774.0,4548.0,0.0,0.0,100.0,25422.0,9
2014,1,29765.0,4030.0,23.0,0.0,9.0,33827.0,10
2014,1,15826.0,31305.0,513.0,5848.0,701.0,54193.0,11
2014,1,15663.0,0.0,14.0,0.0,34.0,15711.0,12
2014,1,148970.0,12076.0,2480.0,37.0,2282.0,165845.0,13
2014,1,56597.0,17191.0,4.0,150.0,8.0,73950.0,14
2014,1,47790.0,28161.0,997.0,10381.0,3051.0,90380.0,15
2014,1,64886.0,24156.0,876.0,3576.0,1572.0,95066.0,16
2014,1,73131.0,17538.0,45.0,8.0,568.0,91290.0,17
2014,1,48161.0,434.0,722.0,808.0,1173.0,51298.0,18
2014,1,11306.0,428.0,354.0,21.0,448.0,12557.0,19
2014,1,18927.0,100.0,381.0,4092.0,3264.0,26764.0,20
2014,1,322662.0,174296.0,3059.0,5951.0,644.0,506612.0,21
2014,1,32567.0,3598.0,19.0,915.0,34.0,37133.0,22
2014,1,21618.0,2837.0,648.0,1.0,2934.0,28038.0,23
2014,1,129717.0,83.0,121.0,13.0,98.0,130032.0,24
