Año,Trimestre,Provincia,ADSL,Cablemodem,Fibra óptica,Wireless,Otros,Total
2022,4,Buenos Aires,326.0,3.0,1.0,130.0,72.0,5.0
2022,4,Capital Federal,139.0,1.0,139.0,5.0,32.0,2.0
2022,4,Catamarca,9.0,11.0,47.0,1.0,2.0,71.0
2022,4,Chaco,25.0,61.0,47.0,8.0,3.0,144.0
2022,4,Chubut,45.0,74.0,10.0,31.0,9.0,169.0
2022,4,Córdoba,152.0,457.0,367.0,62.0,11.0,1.0
2022,4,Corrientes,34.0,80.0,27.0,9.0,5.0,155.0
2022,4,Entre Ríos,56.0,136.0,41.0,26.0,13.0,271.0
2022,4,Formosa,14.0,17.0,13.0,18.0,227.0,62.0
2022,4,Jujuy,18.0,52.0,43.0,4.0,1.0,118.0
2022,4,La Pampa,8.0,61.0,25.0,20.0,1.0,114.0
2022,4,La Rioja,6.0,54.0,19.0,6.0,32.0,86.0
2022,4,Mendoza,38.0,78.0,147.0,28.0,2.0,292.0
2022,4,Misiones,33.0,87.0,47.0,11.0,8.0,186.0
2022,4,Neuquén,29.0,73.0,32.0,24.0,4.0,160.0
2022,4,Río Negro,34.0,48.0,44.0,16.0,19.0,162.0
2022,4,Salta,37.0,97.0,53.0,12.0,7.0,206.0
2022,4,San Juan,39.0,23.0,12.0,22.0,8.0,104.0
2022,4,San Luis,6.0,43.0,3.0,82.0,511.0,135.0
2022,4,Santa Cruz,10.0,24.0,12.0,4.0,662.0,50.0
2022,4,Santa Fe,164.0,412.0,249.0,44.0,19.0,888.0
2022,4,Santiago Del Estero,14.0,81.0,15.0,7.0,3.0,119.0
2022,4,Tierra Del Fuego,13.0,41.0,405.0,157.0,651.0,55.0
2022,4,Tucumán,69.0,21.0,169.0,4.0,527.0,263.0
2022,3,Buenos Aires,340.0,3.0,1.0,127.0,70.0,5.0
2022,3,Capital Federal,141.0,1.0,129.0,6.0,32.0,2.0
2022,3,Catamarca,10.0,10.0,46.0,1.0,2.0,70.0
2022,3,Chaco,27.0,62.0,45.0,8.0,2.0,144.0
2022,3,Chubut,45.0,72.0,10.0,30.0,9.0,166.0
2022,3,Córdoba,164.0,465.0,339.0,61.0,10.0,1.0
2022,3,Corrientes,37.0,77.0,19.0,7.0,5.0,145.0
2022,3,Entre Ríos,60.0,133.0,37.0,26.0,13.0,269.0
2022,3,Formosa,14.0,26.0,11.0,17.0,212.0,69.0
2022,3,Jujuy,19.0,53.0,40.0,4.0,2.0,119.0
2022,3,La Pampa,8.0,60.0,24.0,20.0,4.0,116.0
2022,3,La Rioja,7.0,54.0,20.0,6.0,31.0,87.0
2022,3,Mendoza,38.0,79.0,143.0,28.0,3.0,290.0
2022,3,Misiones,36.0,89.0,39.0,11.0,8.0,182.0
2022,3,Neuquén,29.0,76.0,29.0,27.0,1.0,163.0
2022,3,Río Negro,36.0,48.0,41.0,17.0,19.0,161.0
2022,3,Salta,40.0,97.0,50.0,10.0,7.0,205.0
2022,3,San Juan,39.0,23.0,12.0,22.0,8.0,103.0
2022,3,San Luis,7.0,29.0,248.0,71.0,15.0,122.0
2022,3,Santa Cruz,10.0,24.0,11.0,4.0,582.0,50.0
2022,3,Santa Fe,184.0,426.0,215.0,43.0,20.0,888.0
2022,3,Santiago Del Estero,15.0,81.0,13.0,7.0,3.0,119.0
2022,3,Tierra Del Fuego,13.0,40.0,403.0,125.0,651.0,54.0
2022,3,Tucumán,78.0,19.0,162.0,4.0,519.0,263.0
2022,2,Buenos Aires,351.0,3.0,1.0,127.0,71.0,5.0
2022,2,Capital Federal,145.0,1.0,122.0,6.0,32.0,2.0
2022,2,Catamarca,12.0,9.0,42.0,1.0,2.0,67.0
2022,2,Chaco,30.0,61.0,42.0,8.0,2.0,144.0
2022,2,Chubut,45.0,69.0,10.0,30.0,9.0,163.0
2022,2,Córdoba,179.0,468.0,309.0,61.0,10.0,1.0
2022,2,Corrientes,38.0,76.0,18.0,7.0,5.0,145.0
2022,2,Entre Ríos,64.0,131.0,36.0,26.0,13.0,269.0
2022,2,Formosa,15.0,25.0,10.0,17.0,212.0,68.0
2022,2,Jujuy,20.0,54.0,34.0,4.0,2.0,115.0
2022,2,La Pampa,8.0,59.0,23.0,20.0,1.0,112.0
2022,2,La Rioja,8.0,53.0,19.0,6.0,31.0,86.0
2022,2,Mendoza,38.0,78.0,136.0,27.0,2.0,280.0
2022,2,Misiones,37.0,89.0,34.0,11.0,8.0,179.0
2022,2,Neuquén,30.0,75.0,29.0,27.0,1.0,162.0
2022,2,Río Negro,36.0,47.0,41.0,17.0,19.0,160.0
2022,2,Salta,43.0,96.0,47.0,10.0,7.0,203.0
2022,2,San Juan,39.0,20.0,12.0,22.0,8.0,100.0
2022,2,San Luis,7.0,29.0,248.0,71.0,15.0,122.0
2022,2,Santa Cruz,10.0,24.0,11.0,4.0,579.0,49.0
2022,2,Santa Fe,198.0,428.0,190.0,43.0,20.0,879.0
2022,2,Santiago Del Estero,17.0,80.0,12.0,7.0,3.0,118.0
2022,2,Tierra Del Fuego,13.0,40.0,403.0,125.0,651.0,54.0
2022,2,Tucumán,86.0,15.0,149.0,4.0,487.0,255.0
2022,1,Buenos Aires,392.0,3.0,1.0,126.0,67.0,5.0
2022,1,Capital Federal,102.0,1.0,62.0,6.0,30.0,1.0
2022,1,Catamarca,14.0,16.0,29.0,1.0,2.0,62.0
2022,1,Chaco,32.0,65.0,37.0,8.0,2.0,144.0
2022,1,Chubut,44.0,67.0,9.0,31.0,21.0,172.0
2022,1,Córdoba,196.0,502.0,236.0,61.0,10.0,1.0
2022,1,Corrientes,40.0,79.0,11.0,7.0,5.0,143.0
2022,1,Entre Ríos,67.0,139.0,23.0,26.0,13.0,268.0
2022,1,Formosa,16.0,16.0,5.0,17.0,202.0,55.0
2022,1,Jujuy,21.0,61.0,26.0,5.0,4.0,117.0
2022,1,La Pampa,8.0,59.0,22.0,20.0,1.0,110.0
2022,1,La Rioja,9.0,59.0,10.0,6.0,31.0,84.0
2022,1,Mendoza,49.0,74.0,123.0,27.0,1.0,275.0
2022,1,Misiones,39.0,92.0,25.0,8.0,8.0,172.0
2022,1,Neuquén,28.0,73.0,24.0,23.0,745.0,150.0
2022,1,Río Negro,39.0,45.0,38.0,17.0,18.0,157.0
2022,1,Salta,45.0,99.0,41.0,6.0,7.0,198.0
2022,1,San Juan,34.0,14.0,11.0,21.0,8.0,88.0
2022,1,San Luis,8.0,11.0,31.0,72.0,29.0,120.0
2022,1,Santa Cruz,11.0,23.0,11.0,4.0,405.0,49.0
2022,1,Santa Fe,213.0,445.0,147.0,45.0,21.0,870.0
2022,1,Santiago Del Estero,18.0,88.0,1.0,6.0,3.0,116.0
2022,1,Tierra Del Fuego,13.0,39.0,416.0,124.0,340.0,53.0
2022,1,Tucumán,93.0,62.0,86.0,4.0,487.0,246.0
2021,4,Buenos Aires,426.0,3.0,1.0,127.0,73.0,5.0
2021,4,Capital Federal,111.0,1.0,60.0,6.0,30.0,1.0
2021,4,Catamarca,16.0,14.0,25.0,2.0,2.0,59.0
2021,4,Chaco,36.0,63.0,35.0,8.0,2.0,144.0
2021,4,Chubut,46.0,57.0,10.0,28.0,19.0,160.0
2021,4,Córdoba,212.0,487.0,217.0,61.0,9.0,987.0
2021,4,Corrientes,43.0,71.0,10.0,7.0,5.0,136.0
2021,4,Entre Ríos,70.0,133.0,23.0,25.0,13.0,265.0
2021,4,Formosa,17.0,15.0,5.0,16.0,172.0,54.0
2021,4,Jujuy,22.0,61.0,24.0,3.0,4.0,114.0
2021,4,La Pampa,8.0,58.0,20.0,19.0,1.0,107.0
2021,4,La Rioja,10.0,57.0,9.0,7.0,31.0,83.0
2021,4,Mendoza,60.0,72.0,110.0,25.0,2.0,268.0
2021,4,Misiones,42.0,92.0,22.0,8.0,8.0,171.0
2021,4,Neuquén,29.0,73.0,23.0,22.0,746.0,147.0
2021,4,Río Negro,42.0,44.0,32.0,17.0,18.0,154.0
2021,4,Salta,47.0,100.0,40.0,6.0,7.0,199.0
2021,4,San Juan,36.0,13.0,11.0,11.0,8.0,80.0
2021,4,San Luis,8.0,11.0,30.0,71.0,29.0,119.0
2021,4,Santa Cruz,11.0,23.0,10.0,4.0,417.0,48.0
2021,4,Santa Fe,233.0,444.0,129.0,44.0,16.0,866.0
2021,4,Santiago Del Estero,19.0,87.0,1.0,6.0,3.0,116.0
2021,4,Tierra Del Fuego,13.0,38.0,426.0,124.0,342.0,52.0
2021,4,Tucumán,98.0,59.0,79.0,3.0,486.0,239.0
2021,3,Buenos Aires,586.0,3.0,886.0,120.0,65.0,4.0
2021,3,Capital Federal,143.0,1.0,43.0,6.0,29.0,1.0
2021,3,Catamarca,18.0,12.0,22.0,2.0,2.0,56.0
2021,3,Chaco,38.0,64.0,28.0,8.0,2.0,140.0
2021,3,Chubut,49.0,56.0,9.0,23.0,19.0,156.0
2021,3,Córdoba,229.0,477.0,167.0,58.0,15.0,947.0
2021,3,Corrientes,45.0,69.0,8.0,7.0,5.0,134.0
2021,3,Entre Ríos,74.0,129.0,20.0,24.0,13.0,260.0
2021,3,Formosa,18.0,14.0,5.0,16.0,171.0,53.0
2021,3,Jujuy,24.0,61.0,20.0,3.0,4.0,111.0
2021,3,La Pampa,9.0,58.0,18.0,14.0,1.0,100.0
2021,3,La Rioja,11.0,55.0,9.0,7.0,30.0,82.0
2021,3,Mendoza,91.0,71.0,71.0,22.0,828.0,256.0
2021,3,Misiones,43.0,89.0,11.0,7.0,8.0,159.0
2021,3,Neuquén,30.0,74.0,16.0,19.0,640.0,140.0
2021,3,Río Negro,48.0,45.0,19.0,15.0,18.0,145.0
2021,3,Salta,49.0,98.0,36.0,6.0,6.0,196.0
2021,3,San Juan,40.0,13.0,7.0,11.0,8.0,79.0
2021,3,San Luis,8.0,12.0,27.0,69.0,29.0,118.0
2021,3,Santa Cruz,12.0,23.0,6.0,4.0,3.0,49.0
2021,3,Santa Fe,246.0,443.0,93.0,43.0,16.0,842.0
2021,3,Santiago Del Estero,20.0,86.0,909.0,6.0,3.0,115.0
2021,3,Tierra Del Fuego,13.0,37.0,6.0,16.0,390.0,50.0
2021,3,Tucumán,104.0,54.0,71.0,2.0,743.0,232.0
2021,2,Buenos Aires,603.0,3.0,854.0,114.0,58.0,4.0
2021,2,Capital Federal,149.0,1.0,41.0,6.0,29.0,1.0
2021,2,Catamarca,20.0,9.0,22.0,1.0,2.0,56.0
2021,2,Chaco,40.0,63.0,28.0,8.0,2.0,141.0
2021,2,Chubut,49.0,41.0,6.0,24.0,19.0,139.0
2021,2,Córdoba,240.0,468.0,152.0,56.0,16.0,931.0
2021,2,Corrientes,47.0,67.0,4.0,7.0,5.0,130.0
2021,2,Entre Ríos,78.0,125.0,18.0,24.0,13.0,258.0
2021,2,Formosa,20.0,13.0,4.0,16.0,171.0,52.0
2021,2,Jujuy,25.0,61.0,20.0,3.0,4.0,112.0
2021,2,La Pampa,9.0,57.0,17.0,13.0,1.0,98.0
2021,2,La Rioja,12.0,54.0,9.0,6.0,30.0,82.0
2021,2,Mendoza,92.0,71.0,45.0,22.0,827.0,230.0
2021,2,Misiones,45.0,88.0,10.0,5.0,8.0,156.0
2021,2,Neuquén,30.0,73.0,16.0,19.0,640.0,138.0
2021,2,Río Negro,48.0,44.0,19.0,15.0,18.0,144.0
2021,2,Salta,51.0,96.0,32.0,6.0,6.0,192.0
2021,2,San Juan,40.0,12.0,7.0,11.0,8.0,79.0
2021,2,San Luis,8.0,11.0,28.0,67.0,36.0,123.0
2021,2,Santa Cruz,12.0,23.0,6.0,4.0,3.0,49.0
2021,2,Santa Fe,257.0,432.0,90.0,44.0,18.0,841.0
2021,2,Santiago Del Estero,21.0,84.0,909.0,5.0,4.0,114.0
2021,2,Tierra Del Fuego,13.0,23.0,6.0,14.0,316.0,36.0
2021,2,Tucumán,110.0,48.0,72.0,2.0,743.0,233.0
2021,1,Buenos Aires,630.0,2.0,822.0,99.0,58.0,4.0
2021,1,Capital Federal,160.0,1.0,40.0,6.0,29.0,1.0
2021,1,Catamarca,26.0,4.0,19.0,322.0,2.0,52.0
2021,1,Chaco,43.0,61.0,25.0,8.0,2.0,140.0
2021,1,Chubut,46.0,41.0,3.0,24.0,19.0,132.0
2021,1,Córdoba,260.0,445.0,135.0,54.0,17.0,911.0
2021,1,Corrientes,49.0,63.0,3.0,6.0,5.0,127.0
2021,1,Entre Ríos,84.0,118.0,17.0,21.0,12.0,252.0
2021,1,Formosa,21.0,11.0,3.0,16.0,380.0,51.0
2021,1,Jujuy,32.0,54.0,17.0,3.0,4.0,110.0
2021,1,La Pampa,9.0,59.0,16.0,12.0,1.0,97.0
2021,1,La Rioja,17.0,35.0,1.0,250.0,30.0,53.0
2021,1,Mendoza,92.0,69.0,39.0,18.0,833.0,219.0
2021,1,Misiones,48.0,82.0,7.0,5.0,7.0,149.0
2021,1,Neuquén,30.0,70.0,14.0,18.0,632.0,133.0
2021,1,Río Negro,49.0,42.0,18.0,14.0,18.0,141.0
2021,1,Salta,55.0,89.0,31.0,6.0,6.0,188.0
2021,1,San Juan,40.0,12.0,7.0,11.0,8.0,78.0
2021,1,San Luis,8.0,11.0,28.0,64.0,36.0,119.0
2021,1,Santa Cruz,12.0,23.0,6.0,4.0,390.0,46.0
2021,1,Santa Fe,277.0,421.0,71.0,39.0,18.0,826.0
2021,1,Santiago Del Estero,26.0,76.0,570.0,5.0,4.0,112.0
2021,1,Tierra Del Fuego,13.0,27.0,6.0,0.0,316.0,40.0
2021,1,Tucumán,147.0,12.0,70.0,2.0,740.0,232.0
2020,4,Buenos Aires,636.0,2.0,805.0,93.0,58.0,4.0
2020,4,Capital Federal,163.0,1.0,40.0,5.0,29.0,1.0
2020,4,Catamarca,27.0,5.0,18.0,322.0,2.0,52.0
2020,4,Chaco,44.0,61.0,24.0,8.0,2.0,139.0
2020,4,Chubut,46.0,40.0,3.0,23.0,19.0,131.0
2020,4,Córdoba,267.0,439.0,126.0,53.0,18.0,903.0
2020,4,Corrientes,50.0,61.0,3.0,6.0,5.0,126.0
2020,4,Entre Ríos,86.0,114.0,16.0,20.0,12.0,247.0
2020,4,Formosa,21.0,11.0,2.0,15.0,380.0,50.0
2020,4,Jujuy,33.0,53.0,16.0,1.0,3.0,106.0
2020,4,La Pampa,9.0,59.0,15.0,12.0,1.0,97.0
2020,4,La Rioja,18.0,35.0,1.0,250.0,30.0,53.0
2020,4,Mendoza,92.0,68.0,36.0,18.0,833.0,215.0
2020,4,Misiones,49.0,80.0,7.0,4.0,7.0,147.0
2020,4,Neuquén,30.0,71.0,14.0,18.0,632.0,133.0
2020,4,Río Negro,49.0,42.0,18.0,14.0,18.0,141.0
2020,4,Salta,57.0,88.0,31.0,6.0,6.0,187.0
2020,4,San Juan,40.0,7.0,7.0,10.0,8.0,73.0
2020,4,San Luis,8.0,12.0,27.0,63.0,36.0,119.0
2020,4,Santa Cruz,12.0,20.0,1.0,5.0,3.0,41.0
2020,4,Santa Fe,287.0,415.0,63.0,39.0,17.0,821.0
2020,4,Santiago Del Estero,27.0,71.0,570.0,5.0,4.0,107.0
2020,4,Tierra Del Fuego,13.0,26.0,6.0,0.0,316.0,40.0
2020,4,Tucumán,149.0,11.0,68.0,2.0,740.0,231.0
2020,3,Buenos Aires,654.0,2.0,749.0,94.0,56.0,4.0
2020,3,Capital Federal,170.0,1.0,39.0,4.0,29.0,1.0
2020,3,Catamarca,27.0,4.0,17.0,261.0,2.0,50.0
2020,3,Chaco,46.0,59.0,21.0,7.0,2.0,134.0
2020,3,Chubut,46.0,39.0,3.0,23.0,19.0,130.0
2020,3,Córdoba,276.0,431.0,102.0,48.0,10.0,867.0
2020,3,Corrientes,51.0,59.0,3.0,6.0,5.0,123.0
2020,3,Entre Ríos,88.0,107.0,14.0,20.0,12.0,241.0
2020,3,Formosa,22.0,10.0,2.0,15.0,393.0,49.0
2020,3,Jujuy,33.0,58.0,11.0,952.0,4.0,107.0
2020,3,La Pampa,9.0,57.0,15.0,12.0,1.0,94.0
2020,3,La Rioja,17.0,35.0,1.0,250.0,35.0,53.0
2020,3,Mendoza,92.0,65.0,33.0,18.0,868.0,208.0
2020,3,Misiones,50.0,78.0,3.0,3.0,9.0,143.0
2020,3,Neuquén,30.0,70.0,11.0,17.0,737.0,129.0
2020,3,Río Negro,50.0,40.0,10.0,13.0,18.0,131.0
2020,3,Salta,58.0,84.0,25.0,6.0,7.0,181.0
2020,3,San Juan,40.0,9.0,6.0,14.0,8.0,77.0
2020,3,San Luis,8.0,10.0,6.0,62.0,36.0,117.0
2020,3,Santa Cruz,13.0,16.0,1.0,7.0,2.0,39.0
2020,3,Santa Fe,295.0,406.0,46.0,37.0,19.0,803.0
2020,3,Santiago Del Estero,26.0,71.0,555.0,4.0,4.0,105.0
2020,3,Tierra Del Fuego,13.0,26.0,0.0,0.0,310.0,40.0
2020,3,Tucumán,150.0,12.0,60.0,2.0,762.0,224.0
2020,2,Buenos Aires,661.0,2.0,723.0,92.0,57.0,4.0
2020,2,Capital Federal,179.0,1.0,39.0,4.0,29.0,1.0
2020,2,Catamarca,27.0,4.0,15.0,261.0,2.0,48.0
2020,2,Chaco,47.0,56.0,17.0,6.0,2.0,128.0
2020,2,Chubut,46.0,38.0,1.0,18.0,6.0,109.0
2020,2,Córdoba,283.0,415.0,86.0,45.0,8.0,836.0
2020,2,Corrientes,51.0,56.0,3.0,4.0,5.0,119.0
2020,2,Entre Ríos,89.0,99.0,14.0,20.0,11.0,234.0
2020,2,Formosa,22.0,9.0,2.0,15.0,169.0,48.0
2020,2,Jujuy,33.0,39.0,5.0,952.0,17.0,94.0
2020,2,La Pampa,9.0,54.0,14.0,11.0,1.0,90.0
2020,2,La Rioja,17.0,35.0,1.0,250.0,35.0,52.0
2020,2,Mendoza,92.0,63.0,30.0,16.0,802.0,201.0
2020,2,Misiones,51.0,74.0,3.0,3.0,9.0,140.0
2020,2,Neuquén,30.0,68.0,11.0,16.0,1.0,126.0
2020,2,Río Negro,50.0,40.0,10.0,11.0,18.0,129.0
2020,2,Salta,60.0,82.0,24.0,5.0,7.0,178.0
2020,2,San Juan,40.0,8.0,6.0,7.0,9.0,70.0
2020,2,San Luis,8.0,8.0,6.0,61.0,36.0,114.0
2020,2,Santa Cruz,13.0,16.0,1.0,7.0,2.0,39.0
2020,2,Santa Fe,300.0,382.0,47.0,30.0,19.0,778.0
2020,2,Santiago Del Estero,26.0,72.0,355.0,3.0,4.0,105.0
2020,2,Tierra Del Fuego,13.0,26.0,0.0,0.0,310.0,39.0
2020,2,Tucumán,150.0,10.0,55.0,1.0,762.0,217.0
2020,1,Buenos Aires,673.0,2.0,721.0,85.0,18.0,4.0
2020,1,Capital Federal,184.0,1.0,39.0,4.0,29.0,1.0
2020,1,Catamarca,22.0,3.0,12.0,261.0,2.0,40.0
2020,1,Chaco,46.0,54.0,12.0,6.0,2.0,120.0
2020,1,Chubut,46.0,27.0,1.0,17.0,5.0,97.0
2020,1,Córdoba,286.0,406.0,69.0,42.0,9.0,811.0
2020,1,Corrientes,51.0,53.0,2.0,2.0,5.0,114.0
2020,1,Entre Ríos,90.0,95.0,13.0,19.0,14.0,232.0
2020,1,Formosa,21.0,9.0,2.0,15.0,169.0,46.0
2020,1,Jujuy,32.0,39.0,3.0,942.0,17.0,92.0
2020,1,La Pampa,9.0,54.0,14.0,11.0,2.0,89.0
2020,1,La Rioja,13.0,35.0,0.0,251.0,29.0,48.0
2020,1,Mendoza,92.0,50.0,28.0,12.0,722.0,183.0
2020,1,Misiones,51.0,69.0,1.0,460.0,11.0,134.0
2020,1,Neuquén,29.0,66.0,11.0,15.0,729.0,122.0
2020,1,Río Negro,48.0,38.0,10.0,11.0,18.0,126.0
2020,1,Salta,60.0,76.0,23.0,4.0,7.0,170.0
2020,1,San Juan,40.0,6.0,6.0,7.0,5.0,64.0
2020,1,San Luis,8.0,8.0,5.0,58.0,36.0,111.0
2020,1,Santa Cruz,13.0,16.0,1.0,7.0,2.0,39.0
2020,1,Santa Fe,302.0,384.0,35.0,30.0,19.0,771.0
2020,1,Santiago Del Estero,25.0,70.0,200.0,3.0,5.0,103.0
2020,1,Tierra Del Fuego,13.0,26.0,0.0,0.0,308.0,39.0
2020,1,Tucumán,143.0,10.0,45.0,1.0,347.0,200.0
2019,4,Buenos Aires,720.0,2.0,669.0,87.0,18.0,4.0
2019,4,Capital Federal,197.0,1.0,36.0,4.0,29.0,1.0
2019,4,Catamarca,23.0,3.0,10.0,261.0,2.0,38.0
2019,4,Chaco,49.0,54.0,9.0,5.0,2.0,118.0
2019,4,Chubut,47.0,27.0,1.0,15.0,5.0,96.0
2019,4,Córdoba,297.0,410.0,53.0,38.0,9.0,807.0
2019,4,Corrientes,53.0,52.0,2.0,2.0,5.0,114.0
2019,4,Entre Ríos,93.0,99.0,13.0,19.0,15.0,239.0
2019,4,Formosa,22.0,9.0,2.0,15.0,169.0,47.0
2019,4,Jujuy,33.0,38.0,873.0,814.0,17.0,89.0
2019,4,La Pampa,15.0,57.0,5.0,11.0,2.0,90.0
2019,4,La Rioja,14.0,35.0,0.0,251.0,29.0,49.0
2019,4,Mendoza,97.0,50.0,25.0,14.0,730.0,186.0
2019,4,Misiones,53.0,70.0,847.0,441.0,12.0,136.0
2019,4,Neuquén,30.0,61.0,11.0,14.0,854.0,116.0
2019,4,Río Negro,50.0,38.0,10.0,11.0,18.0,127.0
2019,4,Salta,63.0,76.0,22.0,3.0,8.0,172.0
2019,4,San Juan,41.0,6.0,5.0,7.0,5.0,65.0
2019,4,San Luis,9.0,8.0,6.0,55.0,36.0,108.0
2019,4,Santa Cruz,13.0,16.0,1.0,7.0,2.0,39.0
2019,4,Santa Fe,312.0,382.0,27.0,27.0,20.0,769.0
2019,4,Santiago Del Estero,25.0,71.0,200.0,3.0,5.0,104.0
2019,4,Tierra Del Fuego,13.0,27.0,0.0,0.0,310.0,40.0
2019,4,Tucumán,147.0,11.0,40.0,725.0,348.0,199.0
2019 *,3 *,Buenos Aires,1.0,2.0,425.0,86.0,27.0,4.0
2019 *,3 *,Capital Federal,300.0,1.0,25.0,4.0,31.0,1.0
2019 *,3 *,Catamarca,24.0,6.0,13.0,244.0,2.0,32.0
2019 *,3 *,Chaco,50.0,49.0,8.0,5.0,2.0,114.0
2019 *,3 *,Chubut,37.0,27.0,2.0,15.0,8.0,89.0
2019 *,3 *,Córdoba,308.0,399.0,30.0,37.0,9.0,783.0
2019 *,3 *,Corrientes,53.0,50.0,2.0,2.0,5.0,113.0
2019 *,3 *,Entre Ríos,95.0,96.0,13.0,19.0,15.0,238.0
2019 *,3 *,Formosa,22.0,8.0,1.0,14.0,162.0,46.0
2019 *,3 *,Jujuy,33.0,36.0,274.0,812.0,17.0,87.0
2019 *,3 *,La Pampa,19.0,53.0,5.0,11.0,2.0,91.0
2019 *,3 *,La Rioja,14.0,35.0,11.0,251.0,41.0,50.0
2019 *,3 *,Mendoza,149.0,54.0,7.0,13.0,2.0,224.0
2019 *,3 *,Misiones,54.0,66.0,829.0,419.0,12.0,134.0
2019 *,3 *,Neuquén,43.0,60.0,6.0,14.0,3.0,125.0
2019 *,3 *,Río Negro,67.0,37.0,10.0,11.0,19.0,144.0
2019 *,3 *,Salta,66.0,74.0,733.0,2.0,9.0,152.0
2019 *,3 *,San Juan,52.0,7.0,1.0,7.0,6.0,73.0
2019 *,3 *,San Luis,13.0,11.0,350.0,62.0,36.0,123.0
2019 *,3 *,Santa Cruz,11.0,17.0,969.0,7.0,3.0,38.0
2019 *,3 *,Santa Fe,319.0,377.0,19.0,24.0,21.0,761.0
2019 *,3 *,Santiago Del Estero,25.0,71.0,219.0,3.0,34.0,133.0
2019 *,3 *,Tierra Del Fuego,20.0,27.0,651.0,0.0,1.0,49.0
2019 *,3 *,Tucumán,151.0,12.0,116.0,684.0,324.0,164.0
2019 *,2 *,Buenos Aires,1.0,2.0,383.0,75.0,33.0,4.0
2019 *,2 *,Capital Federal,310.0,1.0,36.0,4.0,4.0,1.0
2019 *,2 *,Catamarca,26.0,6.0,13.0,146.0,2.0,34.0
2019 *,2 *,Chaco,51.0,47.0,4.0,5.0,2.0,109.0
2019 *,2 *,Chubut,37.0,26.0,2.0,14.0,8.0,88.0
2019 *,2 *,Córdoba,315.0,388.0,23.0,34.0,15.0,775.0
2019 *,2 *,Corrientes,54.0,47.0,2.0,2.0,6.0,112.0
2019 *,2 *,Entre Ríos,97.0,91.0,13.0,17.0,18.0,236.0
2019 *,2 *,Formosa,22.0,9.0,1.0,14.0,162.0,46.0
2019 *,2 *,Jujuy,33.0,31.0,274.0,812.0,22.0,87.0
2019 *,2 *,La Pampa,19.0,52.0,5.0,11.0,3.0,90.0
2019 *,2 *,La Rioja,15.0,35.0,11.0,251.0,41.0,50.0
2019 *,2 *,Mendoza,149.0,54.0,7.0,13.0,2.0,224.0
2019 *,2 *,Misiones,55.0,64.0,543.0,421.0,12.0,133.0
2019 *,2 *,Neuquén,43.0,59.0,5.0,13.0,3.0,123.0
2019 *,2 *,Río Negro,68.0,37.0,4.0,10.0,20.0,139.0
2019 *,2 *,Salta,69.0,62.0,725.0,1.0,9.0,143.0
2019 *,2 *,San Juan,52.0,7.0,1.0,3.0,7.0,70.0
2019 *,2 *,San Luis,11.0,10.0,347.0,57.0,38.0,117.0
2019 *,2 *,Santa Cruz,11.0,10.0,379.0,7.0,3.0,31.0
2019 *,2 *,Santa Fe,325.0,355.0,18.0,22.0,23.0,743.0
2019 *,2 *,Santiago Del Estero,24.0,65.0,219.0,3.0,35.0,127.0
2019 *,2 *,Tierra Del Fuego,20.0,26.0,651.0,0.0,1.0,47.0
2019 *,2 *,Tucumán,153.0,12.0,116.0,684.0,321.0,166.0
2019 *,1 *,Buenos Aires,1.0,2.0,336.0,65.0,20.0,4.0
2019 *,1 *,Capital Federal,328.0,1.0,32.0,4.0,4.0,1.0
2019 *,1 *,Catamarca,27.0,4.0,16.0,0.0,2.0,34.0
2019 *,1 *,Chaco,53.0,44.0,2.0,4.0,1.0,104.0
2019 *,1 *,Chubut,37.0,23.0,2.0,14.0,3.0,80.0
2019 *,1 *,Córdoba,323.0,364.0,20.0,25.0,12.0,744.0
2019 *,1 *,Corrientes,56.0,43.0,2.0,2.0,58.0,102.0
2019 *,1 *,Entre Ríos,101.0,90.0,13.0,16.0,12.0,232.0
2019 *,1 *,Formosa,23.0,8.0,940.0,14.0,62.0,45.0
2019 *,1 *,Jujuy,33.0,12.0,153.0,640.0,44.0,90.0
2019 *,1 *,La Pampa,19.0,57.0,3.0,9.0,1.0,89.0
2019 *,1 *,La Rioja,16.0,35.0,12.0,252.0,41.0,52.0
2019 *,1 *,Mendoza,149.0,40.0,6.0,10.0,2.0,206.0
2019 *,1 *,Misiones,55.0,59.0,465.0,426.0,8.0,123.0
2019 *,1 *,Neuquén,41.0,56.0,3.0,13.0,2.0,114.0
2019 *,1 *,Río Negro,68.0,34.0,4.0,10.0,5.0,121.0
2019 *,1 *,Salta,74.0,58.0,647.0,1.0,2.0,136.0
2019 *,1 *,San Juan,52.0,6.0,808.0,3.0,1.0,62.0
2019 *,1 *,San Luis,11.0,8.0,378.0,53.0,24.0,96.0
2019 *,1 *,Santa Cruz,11.0,5.0,382.0,7.0,3.0,25.0
2019 *,1 *,Santa Fe,340.0,340.0,16.0,23.0,18.0,737.0
2019 *,1 *,Santiago Del Estero,25.0,62.0,23.0,3.0,99.0,90.0
2019 *,1 *,Tierra Del Fuego,20.0,24.0,2.0,0.0,1.0,46.0
2019 *,1 *,Tucumán,159.0,12.0,118.0,678.0,321.0,172.0
2018,4,Buenos Aires,1.0,2.0,296.0,65.0,20.0,4.0
2018,4,Capital Federal,328.0,1.0,33.0,4.0,4.0,1.0
2018,4,Catamarca,27.0,4.0,16.0,0.0,2.0,34.0
2018,4,Chaco,53.0,44.0,2.0,3.0,1.0,103.0
2018,4,Chubut,37.0,23.0,952.0,14.0,3.0,79.0
2018,4,Córdoba,329.0,356.0,18.0,22.0,13.0,737.0
2018,4,Corrientes,56.0,42.0,796.0,2.0,30.0,101.0
2018,4,Entre Ríos,101.0,86.0,5.0,15.0,14.0,222.0
2018,4,Formosa,23.0,8.0,887.0,14.0,57.0,45.0
2018,4,Jujuy,33.0,12.0,153.0,640.0,44.0,90.0
2018,4,La Pampa,19.0,55.0,3.0,8.0,1.0,86.0
2018,4,La Rioja,16.0,35.0,12.0,252.0,36.0,52.0
2018,4,Mendoza,149.0,40.0,6.0,10.0,2.0,206.0
2018,4,Misiones,56.0,54.0,465.0,426.0,6.0,116.0
2018,4,Neuquén,41.0,56.0,3.0,12.0,2.0,114.0
2018,4,Río Negro,68.0,34.0,1.0,8.0,5.0,117.0
2018,4,Salta,74.0,58.0,638.0,253.0,2.0,135.0
2018,4,San Juan,52.0,6.0,806.0,3.0,1.0,62.0
2018,4,San Luis,11.0,8.0,378.0,53.0,24.0,96.0
2018,4,Santa Cruz,11.0,5.0,382.0,6.0,3.0,25.0
2018,4,Santa Fe,336.0,323.0,14.0,19.0,29.0,720.0
2018,4,Santiago Del Estero,25.0,61.0,23.0,3.0,81.0,89.0
2018,4,Tierra Del Fuego,20.0,23.0,2.0,0.0,1.0,46.0
2018,4,Tucumán,159.0,12.0,119.0,686.0,314.0,172.0
2018,3,Buenos Aires,1.0,2.0,156.0,62.0,26.0,4.0
2018,3,Capital Federal,334.0,1.0,36.0,4.0,9.0,1.0
2018,3,Catamarca,28.0,4.0,15.0,1.0,2.0,34.0
2018,3,Chaco,54.0,42.0,2.0,3.0,1.0,102.0
2018,3,Chubut,59.0,23.0,1.0,14.0,7.0,104.0
2018,3,Córdoba,338.0,342.0,16.0,19.0,11.0,726.0
2018,3,Corrientes,56.0,41.0,212.0,1.0,32.0,99.0
2018,3,Entre Ríos,103.0,84.0,2.0,15.0,80.0,205.0
2018,3,Formosa,23.0,8.0,817.0,14.0,57.0,45.0
2018,3,Jujuy,33.0,11.0,32.0,641.0,43.0,45.0
2018,3,La Pampa,12.0,55.0,8.0,7.0,987.0,83.0
2018,3,La Rioja,17.0,35.0,13.0,253.0,35.0,52.0
2018,3,Mendoza,151.0,40.0,6.0,8.0,2.0,207.0
2018,3,Misiones,56.0,51.0,512.0,391.0,56.0,108.0
2018,3,Neuquén,47.0,54.0,998.0,12.0,3.0,117.0
2018,3,Río Negro,69.0,33.0,1.0,5.0,5.0,113.0
2018,3,Salta,77.0,54.0,678.0,234.0,1.0,133.0
2018,3,San Juan,54.0,6.0,826.0,3.0,1.0,64.0
2018,3,San Luis,11.0,8.0,368.0,53.0,2.0,74.0
2018,3,Santa Cruz,19.0,5.0,585.0,6.0,4.0,34.0
2018,3,Santa Fe,339.0,313.0,12.0,16.0,15.0,695.0
2018,3,Santiago Del Estero,26.0,59.0,23.0,2.0,81.0,86.0
2018,3,Tierra Del Fuego,19.0,23.0,2.0,1.0,2.0,46.0
2018,3,Tucumán,161.0,9.0,110.0,252.0,315.0,171.0
2018,2,Buenos Aires,1.0,2.0,144.0,71.0,28.0,4.0
2018,2,Capital Federal,342.0,978.0,36.0,4.0,9.0,1.0
2018,2,Catamarca,27.0,4.0,15.0,1.0,2.0,34.0
2018,2,Chaco,54.0,41.0,562.0,2.0,1.0,99.0
2018,2,Chubut,59.0,20.0,1.0,14.0,7.0,101.0
2018,2,Córdoba,345.0,328.0,14.0,16.0,10.0,713.0
2018,2,Corrientes,57.0,40.0,201.0,1.0,32.0,98.0
2018,2,Entre Ríos,105.0,80.0,2.0,12.0,80.0,200.0
2018,2,Formosa,24.0,7.0,18.0,14.0,57.0,45.0
2018,2,Jujuy,34.0,11.0,23.0,640.0,43.0,45.0
2018,2,La Pampa,12.0,54.0,8.0,7.0,987.0,82.0
2018,2,La Rioja,17.0,35.0,13.0,253.0,35.0,52.0
2018,2,Mendoza,153.0,37.0,3.0,6.0,2.0,201.0
2018,2,Misiones,57.0,48.0,512.0,391.0,56.0,106.0
2018,2,Neuquén,47.0,53.0,998.0,13.0,3.0,116.0
2018,2,Río Negro,69.0,33.0,1.0,4.0,5.0,112.0
2018,2,Salta,78.0,53.0,678.0,234.0,1.0,134.0
2018,2,San Juan,54.0,5.0,826.0,3.0,1.0,64.0
2018,2,San Luis,11.0,8.0,368.0,16.0,2.0,21.0
2018,2,Santa Cruz,19.0,4.0,585.0,7.0,4.0,34.0
2018,2,Santa Fe,338.0,304.0,11.0,16.0,15.0,685.0
2018,2,Santiago Del Estero,26.0,56.0,23.0,2.0,81.0,84.0
2018,2,Tierra Del Fuego,19.0,23.0,531.0,1.0,2.0,45.0
2018,2,Tucumán,160.0,9.0,110.0,252.0,315.0,170.0
2018,1,Buenos Aires,1.0,2.0,134.0,64.0,31.0,3.0
2018,1,Capital Federal,350.0,968.0,36.0,3.0,9.0,1.0
2018,1,Catamarca,27.0,4.0,15.0,1.0,2.0,34.0
2018,1,Chaco,55.0,40.0,383.0,388.0,1.0,97.0
2018,1,Chubut,56.0,20.0,1.0,14.0,7.0,98.0
2018,1,Córdoba,349.0,327.0,13.0,13.0,11.0,714.0
2018,1,Corrientes,57.0,35.0,888.0,1.0,33.0,94.0
2018,1,Entre Ríos,107.0,76.0,4.0,11.0,80.0,197.0
2018,1,Formosa,24.0,7.0,17.0,2.0,57.0,32.0
2018,1,Jujuy,34.0,10.0,23.0,28.0,43.0,44.0
2018,1,La Pampa,11.0,51.0,8.0,11.0,2.0,83.0
2018,1,La Rioja,17.0,35.0,13.0,253.0,35.0,52.0
2018,1,Mendoza,153.0,37.0,3.0,6.0,2.0,201.0
2018,1,Misiones,56.0,47.0,328.0,5.0,56.0,104.0
2018,1,Neuquén,47.0,55.0,1.0,12.0,3.0,118.0
2018,1,Río Negro,69.0,32.0,1.0,4.0,5.0,111.0
2018,1,Salta,80.0,52.0,118.0,204.0,1.0,133.0
2018,1,San Juan,54.0,5.0,826.0,2.0,1.0,63.0
2018,1,San Luis,11.0,8.0,368.0,16.0,2.0,21.0
2018,1,Santa Cruz,19.0,4.0,2.0,7.0,3.0,34.0
2018,1,Santa Fe,342.0,300.0,11.0,12.0,15.0,680.0
2018,1,Santiago Del Estero,27.0,55.0,23.0,1.0,81.0,83.0
2018,1,Tierra Del Fuego,19.0,10.0,531.0,1.0,2.0,32.0
2018,1,Tucumán,159.0,9.0,107.0,368.0,50.0,168.0
2017,4,Buenos Aires,1.0,2.0,131.0,60.0,31.0,3.0
2017,4,Capital Federal,571.0,962.0,36.0,3.0,10.0,2.0
2017,4,Catamarca,27.0,263.0,11.0,1.0,2.0,30.0
2017,4,Chaco,55.0,40.0,389.0,380.0,1.0,97.0
2017,4,Chubut,56.0,15.0,1.0,14.0,7.0,93.0
2017,4,Córdoba,350.0,325.0,13.0,12.0,11.0,710.0
2017,4,Corrientes,57.0,35.0,894.0,1.0,35.0,94.0
2017,4,Entre Ríos,108.0,74.0,2.0,10.0,86.0,194.0
2017,4,Formosa,23.0,7.0,19.0,2.0,51.0,32.0
2017,4,Jujuy,34.0,10.0,20.0,28.0,34.0,44.0
2017,4,La Pampa,11.0,50.0,8.0,11.0,2.0,82.0
2017,4,La Rioja,17.0,35.0,14.0,253.0,31.0,52.0
2017,4,Mendoza,153.0,16.0,3.0,6.0,2.0,180.0
2017,4,Misiones,56.0,47.0,95.0,5.0,54.0,104.0
2017,4,Neuquén,47.0,54.0,1.0,12.0,3.0,117.0
2017,4,Río Negro,69.0,30.0,1.0,4.0,5.0,110.0
2017,4,Salta,81.0,50.0,127.0,158.0,1.0,133.0
2017,4,San Juan,54.0,451.0,812.0,2.0,1.0,59.0
2017,4,San Luis,11.0,1.0,335.0,17.0,2.0,15.0
2017,4,Santa Cruz,19.0,2.0,582.0,5.0,4.0,29.0
2017,4,Santa Fe,342.0,294.0,11.0,11.0,15.0,672.0
2017,4,Santiago Del Estero,27.0,40.0,19.0,1.0,80.0,69.0
2017,4,Tierra Del Fuego,19.0,7.0,530.0,1.0,2.0,29.0
2017,4,Tucumán,157.0,5.0,105.0,102.0,319.0,162.0
2017,3,Buenos Aires,1.0,2.0,125.0,35.0,39.0,3.0
2017,3,Capital Federal,583.0,941.0,33.0,3.0,10.0,2.0
2017,3,Catamarca,27.0,4.0,12.0,1.0,2.0,33.0
2017,3,Chaco,55.0,37.0,456.0,36.0,1.0,94.0
2017,3,Chubut,56.0,6.0,1.0,14.0,7.0,84.0
2017,3,Córdoba,345.0,319.0,11.0,7.0,15.0,697.0
2017,3,Corrientes,56.0,34.0,947.0,1.0,27.0,93.0
2017,3,Entre Ríos,108.0,70.0,2.0,6.0,63.0,185.0
2017,3,Formosa,23.0,7.0,428.0,2.0,12.0,32.0
2017,3,Jujuy,34.0,9.0,20.0,23.0,8.0,43.0
2017,3,La Pampa,11.0,50.0,5.0,12.0,2.0,80.0
2017,3,La Rioja,17.0,35.0,14.0,252.0,25.0,52.0
2017,3,Mendoza,154.0,34.0,3.0,29.0,2.0,192.0
2017,3,Misiones,56.0,44.0,110.0,5.0,9.0,100.0
2017,3,Neuquén,48.0,52.0,1.0,12.0,3.0,116.0
2017,3,Río Negro,69.0,30.0,1.0,3.0,4.0,107.0
2017,3,Salta,81.0,50.0,127.0,158.0,1.0,133.0
2017,3,San Juan,54.0,5.0,816.0,1.0,1.0,62.0
2017,3,San Luis,11.0,8.0,347.0,26.0,2.0,22.0
2017,3,Santa Cruz,19.0,5.0,2.0,5.0,3.0,34.0
2017,3,Santa Fe,323.0,291.0,6.0,5.0,37.0,662.0
2017,3,Santiago Del Estero,28.0,54.0,19.0,911.0,35.0,83.0
2017,3,Tierra Del Fuego,22.0,7.0,622.0,1.0,2.0,31.0
2017,3,Tucumán,154.0,6.0,106.0,40.0,305.0,161.0
2017,2,Buenos Aires,1.0,2.0,119.0,22.0,24.0,3.0
2017,2,Capital Federal,615.0,932.0,39.0,3.0,11.0,2.0
2017,2,Catamarca,26.0,255.0,14.0,1.0,34.0,27.0
2017,2,Chaco,54.0,36.0,458.0,52.0,39.0,91.0
2017,2,Chubut,44.0,1.0,916.0,13.0,5.0,64.0
2017,2,Córdoba,342.0,303.0,4.0,6.0,2.0,658.0
2017,2,Corrientes,55.0,33.0,258.0,1.0,31.0,90.0
2017,2,Entre Ríos,108.0,68.0,254.0,6.0,71.0,183.0
2017,2,Formosa,22.0,6.0,17.0,1.0,13.0,30.0
2017,2,Jujuy,34.0,9.0,22.0,0.0,35.0,43.0
2017,2,La Pampa,13.0,48.0,5.0,6.0,511.0,73.0
2017,2,La Rioja,16.0,0.0,15.0,2.0,28.0,16.0
2017,2,Mendoza,153.0,13.0,3.0,27.0,2.0,171.0
2017,2,Misiones,57.0,43.0,103.0,5.0,9.0,100.0
2017,2,Neuquén,52.0,50.0,1.0,12.0,3.0,117.0
2017,2,Río Negro,67.0,29.0,961.0,3.0,1.0,102.0
2017,2,Salta,80.0,27.0,115.0,158.0,804.0,109.0
2017,2,San Juan,49.0,451.0,772.0,1.0,915.0,52.0
2017,2,San Luis,11.0,1.0,354.0,26.0,375.0,13.0
2017,2,Santa Cruz,15.0,3.0,1.0,5.0,2.0,26.0
2017,2,Santa Fe,330.0,228.0,3.0,5.0,1.0,567.0
2017,2,Santiago Del Estero,28.0,4.0,19.0,911.0,29.0,33.0
2017,2,Tierra Del Fuego,23.0,7.0,665.0,1.0,2.0,33.0
2017,2,Tucumán,149.0,5.0,116.0,14.0,45.0,154.0
2017,1,Buenos Aires,2.0,1.0,119.0,21.0,24.0,3.0
2017,1,Capital Federal,429.0,918.0,38.0,3.0,11.0,1.0
2017,1,Catamarca,26.0,248.0,14.0,1.0,34.0,26.0
2017,1,Chaco,54.0,34.0,252.0,52.0,39.0,89.0
2017,1,Chubut,44.0,999.0,916.0,13.0,5.0,64.0
2017,1,Córdoba,336.0,293.0,5.0,6.0,1.0,641.0
2017,1,Corrientes,55.0,32.0,236.0,1.0,31.0,89.0
2017,1,Entre Ríos,109.0,65.0,230.0,6.0,71.0,180.0
2017,1,Formosa,22.0,6.0,16.0,1.0,13.0,30.0
2017,1,Jujuy,34.0,9.0,22.0,0.0,34.0,43.0
2017,1,La Pampa,13.0,47.0,5.0,6.0,517.0,72.0
2017,1,La Rioja,16.0,0.0,15.0,2.0,28.0,16.0
2017,1,Mendoza,153.0,13.0,3.0,27.0,2.0,171.0
2017,1,Misiones,57.0,40.0,101.0,5.0,8.0,98.0
2017,1,Neuquén,52.0,48.0,1.0,12.0,3.0,115.0
2017,1,Río Negro,67.0,29.0,954.0,3.0,1.0,101.0
2017,1,Salta,80.0,27.0,114.0,158.0,679.0,108.0
2017,1,San Juan,49.0,451.0,772.0,1.0,907.0,52.0
2017,1,San Luis,11.0,1.0,354.0,26.0,375.0,13.0
2017,1,Santa Cruz,16.0,3.0,1.0,5.0,2.0,26.0
2017,1,Santa Fe,327.0,226.0,3.0,5.0,1.0,563.0
2017,1,Santiago Del Estero,30.0,4.0,19.0,911.0,29.0,34.0
2017,1,Tierra Del Fuego,23.0,7.0,665.0,1.0,2.0,33.0
2017,1,Tucumán,147.0,5.0,116.0,14.0,45.0,153.0
2016,4,Buenos Aires,2.0,1.0,119.0,21.0,24.0,3.0
2016,4,Capital Federal,435.0,915.0,38.0,3.0,11.0,1.0
2016,4,Catamarca,27.0,250.0,14.0,1.0,34.0,27.0
2016,4,Chaco,55.0,34.0,248.0,52.0,39.0,89.0
2016,4,Chubut,44.0,955.0,916.0,13.0,5.0,64.0
2016,4,Córdoba,337.0,289.0,3.0,6.0,789.0,637.0
2016,4,Corrientes,55.0,31.0,233.0,1.0,31.0,88.0
2016,4,Entre Ríos,109.0,64.0,226.0,6.0,71.0,180.0
2016,4,Formosa,22.0,6.0,16.0,1.0,13.0,30.0
2016,4,Jujuy,34.0,9.0,22.0,0.0,34.0,43.0
2016,4,La Pampa,13.0,47.0,5.0,6.0,522.0,72.0
2016,4,La Rioja,16.0,0.0,16.0,2.0,28.0,16.0
2016,4,Mendoza,153.0,13.0,3.0,27.0,2.0,171.0
2016,4,Misiones,58.0,39.0,100.0,5.0,8.0,97.0
2016,4,Neuquén,52.0,46.0,1.0,12.0,3.0,114.0
2016,4,Río Negro,67.0,28.0,954.0,3.0,1.0,101.0
2016,4,Salta,79.0,27.0,110.0,158.0,621.0,107.0
2016,4,San Juan,49.0,451.0,772.0,1.0,907.0,52.0
2016,4,San Luis,11.0,1.0,354.0,26.0,375.0,13.0
2016,4,Santa Cruz,16.0,3.0,1.0,5.0,2.0,26.0
2016,4,Santa Fe,327.0,226.0,3.0,5.0,1.0,562.0
2016,4,Santiago Del Estero,30.0,4.0,19.0,911.0,29.0,35.0
2016,4,Tierra Del Fuego,23.0,7.0,665.0,1.0,2.0,33.0
2016,4,Tucumán,147.0,4.0,116.0,14.0,45.0,152.0
2016,3,Buenos Aires,2.0,1.0,113.0,19.0,24.0,3.0
2016,3,Capital Federal,448.0,905.0,37.0,3.0,11.0,1.0
2016,3,Catamarca,27.0,248.0,14.0,1.0,18.0,27.0
2016,3,Chaco,56.0,33.0,232.0,2.0,15.0,89.0
2016,3,Chubut,44.0,935.0,916.0,13.0,5.0,64.0
2016,3,Córdoba,348.0,285.0,3.0,6.0,395.0,643.0
2016,3,Corrientes,56.0,31.0,217.0,1.0,22.0,88.0
2016,3,Entre Ríos,113.0,62.0,206.0,6.0,64.0,181.0
2016,3,Formosa,22.0,6.0,9.0,0.0,2.0,28.0
2016,3,Jujuy,34.0,8.0,22.0,0.0,30.0,43.0
2016,3,La Pampa,13.0,46.0,5.0,6.0,515.0,70.0
2016,3,La Rioja,17.0,0.0,15.0,2.0,22.0,17.0
2016,3,Mendoza,153.0,13.0,3.0,28.0,2.0,171.0
2016,3,Misiones,60.0,38.0,79.0,5.0,7.0,98.0
2016,3,Neuquén,52.0,45.0,1.0,12.0,3.0,113.0
2016,3,Río Negro,67.0,28.0,942.0,3.0,1.0,101.0
2016,3,Salta,81.0,26.0,90.0,157.0,565.0,108.0
2016,3,San Juan,49.0,451.0,770.0,1.0,903.0,52.0
2016,3,San Luis,11.0,1.0,354.0,23.0,371.0,13.0
2016,3,Santa Cruz,16.0,3.0,817.0,5.0,2.0,26.0
2016,3,Santa Fe,335.0,223.0,3.0,5.0,1.0,567.0
2016,3,Santiago Del Estero,32.0,4.0,19.0,3.0,8.0,36.0
2016,3,Tierra Del Fuego,23.0,6.0,665.0,1.0,2.0,32.0
2016,3,Tucumán,147.0,4.0,116.0,53.0,41.0,151.0
2016,2,Buenos Aires,2.0,1.0,113.0,21.0,26.0,3.0
2016,2,Capital Federal,451.0,892.0,37.0,2.0,13.0,1.0
2016,2,Catamarca,26.0,245.0,14.0,1.0,34.0,27.0
2016,2,Chaco,56.0,32.0,221.0,52.0,41.0,88.0
2016,2,Chubut,44.0,867.0,916.0,13.0,5.0,64.0
2016,2,Córdoba,349.0,278.0,2.0,6.0,1.0,635.0
2016,2,Corrientes,56.0,30.0,203.0,1.0,43.0,87.0
2016,2,Entre Ríos,113.0,59.0,169.0,6.0,193.0,178.0
2016,2,Formosa,22.0,6.0,6.0,1.0,14.0,29.0
2016,2,Jujuy,34.0,7.0,22.0,0.0,35.0,41.0
2016,2,La Pampa,13.0,45.0,5.0,6.0,547.0,69.0
2016,2,La Rioja,17.0,0.0,15.0,2.0,28.0,17.0
2016,2,Mendoza,153.0,13.0,3.0,29.0,2.0,171.0
2016,2,Misiones,60.0,36.0,77.0,5.0,15.0,96.0
2016,2,Neuquén,52.0,42.0,1.0,12.0,3.0,111.0
2016,2,Río Negro,67.0,28.0,939.0,3.0,1.0,101.0
2016,2,Salta,79.0,25.0,85.0,151.0,539.0,105.0
2016,2,San Juan,49.0,451.0,770.0,1.0,908.0,52.0
2016,2,San Luis,11.0,1.0,354.0,30.0,377.0,13.0
2016,2,Santa Cruz,15.0,3.0,396.0,5.0,3.0,26.0
2016,2,Santa Fe,336.0,219.0,3.0,5.0,1.0,564.0
2016,2,Santiago Del Estero,32.0,4.0,19.0,911.0,30.0,37.0
2016,2,Tierra Del Fuego,23.0,6.0,665.0,1.0,2.0,31.0
2016,2,Tucumán,145.0,3.0,116.0,58.0,49.0,149.0
2016,1,Buenos Aires,2.0,1.0,111.0,21.0,26.0,3.0
2016,1,Capital Federal,454.0,832.0,36.0,2.0,13.0,1.0
2016,1,Catamarca,26.0,243.0,15.0,1.0,34.0,26.0
2016,1,Chaco,56.0,30.0,211.0,52.0,41.0,87.0
2016,1,Chubut,44.0,834.0,916.0,13.0,5.0,64.0
2016,1,Córdoba,351.0,252.0,674.0,6.0,386.0,610.0
2016,1,Corrientes,55.0,28.0,192.0,1.0,45.0,86.0
2016,1,Entre Ríos,113.0,55.0,146.0,6.0,193.0,175.0
2016,1,Formosa,22.0,5.0,5.0,1.0,14.0,28.0
2016,1,Jujuy,33.0,7.0,22.0,0.0,35.0,40.0
2016,1,La Pampa,13.0,42.0,5.0,6.0,549.0,66.0
2016,1,La Rioja,17.0,0.0,16.0,2.0,28.0,17.0
2016,1,Mendoza,153.0,13.0,3.0,34.0,2.0,171.0
2016,1,Misiones,60.0,33.0,70.0,5.0,15.0,93.0
2016,1,Neuquén,52.0,36.0,1.0,13.0,3.0,104.0
2016,1,Río Negro,67.0,27.0,937.0,3.0,1.0,100.0
2016,1,Salta,79.0,23.0,73.0,132.0,507.0,102.0
2016,1,San Juan,49.0,451.0,770.0,1.0,908.0,52.0
2016,1,San Luis,11.0,1.0,354.0,27.0,377.0,13.0
2016,1,Santa Cruz,16.0,3.0,396.0,5.0,2.0,26.0
2016,1,Santa Fe,338.0,205.0,3.0,5.0,1.0,552.0
2016,1,Santiago Del Estero,33.0,4.0,19.0,911.0,30.0,38.0
2016,1,Tierra Del Fuego,23.0,5.0,665.0,1.0,2.0,30.0
2016,1,Tucumán,144.0,2.0,116.0,74.0,49.0,147.0
2015,4,Buenos Aires,2.0,1.0,103.0,20.0,26.0,3.0
2015,4,Capital Federal,455.0,880.0,20.0,2.0,13.0,1.0
2015,4,Catamarca,26.0,242.0,15.0,1.0,34.0,26.0
2015,4,Chaco,57.0,29.0,186.0,52.0,41.0,87.0
2015,4,Chubut,44.0,811.0,916.0,14.0,5.0,64.0
2015,4,Córdoba,354.0,266.0,480.0,6.0,385.0,626.0
2015,4,Corrientes,56.0,28.0,177.0,1.0,45.0,85.0
2015,4,Entre Ríos,114.0,53.0,122.0,6.0,194.0,174.0
2015,4,Formosa,22.0,5.0,4.0,1.0,14.0,28.0
2015,4,Jujuy,33.0,7.0,22.0,0.0,35.0,40.0
2015,4,La Pampa,13.0,43.0,4.0,6.0,374.0,66.0
2015,4,La Rioja,17.0,0.0,16.0,2.0,28.0,17.0
2015,4,Mendoza,153.0,13.0,3.0,38.0,2.0,171.0
2015,4,Misiones,60.0,33.0,48.0,5.0,15.0,93.0
2015,4,Neuquén,52.0,39.0,1.0,13.0,3.0,107.0
2015,4,Río Negro,67.0,27.0,915.0,3.0,1.0,100.0
2015,4,Salta,79.0,22.0,47.0,129.0,554.0,102.0
2015,4,San Juan,49.0,451.0,770.0,1.0,908.0,52.0
2015,4,San Luis,11.0,1.0,354.0,30.0,377.0,13.0
2015,4,Santa Cruz,16.0,3.0,396.0,5.0,2.0,26.0
2015,4,Santa Fe,340.0,213.0,3.0,5.0,1.0,562.0
2015,4,Santiago Del Estero,34.0,4.0,19.0,1.0,30.0,39.0
2015,4,Tierra Del Fuego,23.0,4.0,665.0,1.0,2.0,30.0
2015,4,Tucumán,144.0,2.0,116.0,88.0,50.0,146.0
2015,3,Buenos Aires,2.0,1.0,114.0,20.0,26.0,3.0
2015,3,Capital Federal,455.0,871.0,31.0,2.0,13.0,1.0
2015,3,Catamarca,26.0,242.0,15.0,1.0,34.0,26.0
2015,3,Chaco,56.0,29.0,186.0,52.0,41.0,85.0
2015,3,Chubut,44.0,792.0,916.0,13.0,5.0,64.0
2015,3,Córdoba,352.0,264.0,1.0,5.0,389.0,623.0
2015,3,Corrientes,56.0,28.0,176.0,1.0,47.0,85.0
2015,3,Entre Ríos,114.0,52.0,122.0,6.0,197.0,172.0
2015,3,Formosa,22.0,5.0,2.0,899.0,14.0,28.0
2015,3,Jujuy,33.0,7.0,22.0,0.0,35.0,40.0
2015,3,La Pampa,13.0,42.0,4.0,6.0,557.0,65.0
2015,3,La Rioja,17.0,0.0,16.0,2.0,28.0,17.0
2015,3,Mendoza,153.0,13.0,3.0,42.0,2.0,171.0
2015,3,Misiones,60.0,32.0,46.0,5.0,15.0,92.0
2015,3,Neuquén,47.0,37.0,1.0,13.0,3.0,101.0
2015,3,Río Negro,67.0,27.0,917.0,3.0,1.0,100.0
2015,3,Salta,78.0,22.0,47.0,129.0,645.0,101.0
2015,3,San Juan,49.0,451.0,770.0,1.0,908.0,52.0
2015,3,San Luis,11.0,1.0,354.0,31.0,377.0,13.0
2015,3,Santa Cruz,16.0,3.0,396.0,5.0,2.0,26.0
2015,3,Santa Fe,337.0,210.0,4.0,4.0,1.0,557.0
2015,3,Santiago Del Estero,34.0,4.0,19.0,1.0,30.0,39.0
2015,3,Tierra Del Fuego,23.0,8.0,665.0,1.0,2.0,34.0
2015,3,Tucumán,143.0,1.0,116.0,88.0,50.0,144.0
2015,2,Buenos Aires,2.0,1.0,116.0,19.0,26.0,3.0
2015,2,Capital Federal,453.0,858.0,20.0,2.0,13.0,1.0
2015,2,Catamarca,25.0,242.0,15.0,1.0,34.0,26.0
2015,2,Chaco,56.0,28.0,179.0,52.0,41.0,84.0
2015,2,Chubut,44.0,762.0,916.0,13.0,5.0,63.0
2015,2,Córdoba,348.0,256.0,435.0,5.0,386.0,610.0
2015,2,Corrientes,55.0,27.0,157.0,1.0,47.0,83.0
2015,2,Entre Ríos,113.0,50.0,119.0,6.0,197.0,169.0
2015,2,Formosa,21.0,5.0,2.0,737.0,50.0,27.0
2015,2,Jujuy,32.0,5.0,22.0,0.0,35.0,38.0
2015,2,La Pampa,13.0,41.0,4.0,6.0,562.0,64.0
2015,2,La Rioja,16.0,0.0,16.0,2.0,28.0,17.0
2015,2,Mendoza,153.0,13.0,3.0,38.0,2.0,171.0
2015,2,Misiones,59.0,29.0,37.0,5.0,15.0,89.0
2015,2,Neuquén,47.0,34.0,1.0,13.0,3.0,98.0
2015,2,Río Negro,67.0,26.0,916.0,3.0,1.0,99.0
2015,2,Salta,77.0,20.0,47.0,129.0,580.0,98.0
2015,2,San Juan,49.0,451.0,770.0,1.0,908.0,52.0
2015,2,San Luis,11.0,1.0,354.0,33.0,377.0,13.0
2015,2,Santa Cruz,15.0,3.0,396.0,5.0,2.0,26.0
2015,2,Santa Fe,333.0,205.0,3.0,4.0,1.0,546.0
2015,2,Santiago Del Estero,34.0,4.0,19.0,1.0,30.0,39.0
2015,2,Tierra Del Fuego,23.0,8.0,665.0,1.0,2.0,34.0
2015,2,Tucumán,140.0,479.0,116.0,88.0,50.0,141.0
2015,1,Buenos Aires,2.0,1.0,134.0,19.0,29.0,3.0
2015,1,Capital Federal,455.0,842.0,19.0,2.0,15.0,1.0
2015,1,Catamarca,25.0,241.0,16.0,1.0,41.0,25.0
2015,1,Chaco,55.0,26.0,164.0,27.0,56.0,81.0
2015,1,Chubut,46.0,717.0,906.0,13.0,5.0,65.0
2015,1,Córdoba,344.0,248.0,415.0,5.0,450.0,597.0
2015,1,Corrientes,55.0,25.0,129.0,1.0,62.0,82.0
2015,1,Entre Ríos,112.0,47.0,108.0,6.0,245.0,166.0
2015,1,Formosa,21.0,5.0,1.0,670.0,56.0,27.0
2015,1,Jujuy,32.0,5.0,22.0,0.0,36.0,37.0
2015,1,La Pampa,13.0,40.0,3.0,6.0,604.0,63.0
2015,1,La Rioja,16.0,0.0,16.0,2.0,33.0,16.0
2015,1,Mendoza,152.0,13.0,3.0,29.0,2.0,170.0
2015,1,Misiones,58.0,27.0,30.0,5.0,13.0,85.0
2015,1,Neuquén,48.0,32.0,1.0,12.0,3.0,96.0
2015,1,Río Negro,66.0,25.0,907.0,3.0,1.0,97.0
2015,1,Salta,76.0,20.0,47.0,129.0,574.0,97.0
2015,1,San Juan,48.0,451.0,755.0,1.0,1.0,52.0
2015,1,San Luis,11.0,1.0,351.0,30.0,412.0,13.0
2015,1,Santa Cruz,16.0,3.0,392.0,5.0,3.0,27.0
2015,1,Santa Fe,329.0,199.0,3.0,4.0,2.0,536.0
2015,1,Santiago Del Estero,34.0,4.0,19.0,1.0,35.0,39.0
2015,1,Tierra Del Fuego,22.0,8.0,657.0,1.0,3.0,33.0
2015,1,Tucumán,138.0,115.0,116.0,88.0,100.0,138.0
2014,4,Buenos Aires,2.0,1.0,121.0,18.0,32.0,3.0
2014,4,Capital Federal,456.0,840.0,17.0,2.0,15.0,1.0
2014,4,Catamarca,25.0,241.0,16.0,0.0,44.0,25.0
2014,4,Chaco,55.0,11.0,31.0,0.0,62.0,66.0
2014,4,Chubut,49.0,697.0,891.0,12.0,6.0,69.0
2014,4,Córdoba,345.0,240.0,419.0,4.0,486.0,590.0
2014,4,Corrientes,55.0,10.0,40.0,1.0,75.0,66.0
2014,4,Entre Ríos,112.0,23.0,57.0,5.0,260.0,141.0
2014,4,Formosa,21.0,5.0,1.0,0.0,65.0,26.0
2014,4,Jujuy,31.0,5.0,22.0,37.0,11.0,36.0
2014,4,La Pampa,16.0,34.0,514.0,6.0,648.0,57.0
2014,4,La Rioja,16.0,0.0,17.0,0.0,33.0,16.0
2014,4,Mendoza,152.0,13.0,3.0,31.0,2.0,170.0
2014,4,Misiones,58.0,19.0,16.0,150.0,15.0,77.0
2014,4,Neuquén,48.0,32.0,1.0,12.0,3.0,95.0
2014,4,Río Negro,66.0,24.0,901.0,4.0,2.0,96.0
2014,4,Salta,76.0,17.0,48.0,6.0,578.0,94.0
2014,4,San Juan,49.0,451.0,740.0,1.0,1.0,52.0
2014,4,San Luis,11.0,926.0,355.0,24.0,423.0,13.0
2014,4,Santa Cruz,18.0,448.0,388.0,4.0,3.0,26.0
2014,4,Santa Fe,335.0,183.0,3.0,6.0,2.0,529.0
2014,4,Santiago Del Estero,34.0,4.0,19.0,920.0,37.0,39.0
2014,4,Tierra Del Fuego,22.0,4.0,655.0,1.0,3.0,29.0
2014,4,Tucumán,137.0,97.0,116.0,13.0,105.0,137.0
2014,3,Buenos Aires,2.0,1.0,124.0,20.0,32.0,3.0
2014,3,Capital Federal,450.0,833.0,18.0,2.0,14.0,1.0
2014,3,Catamarca,24.0,244.0,15.0,0.0,47.0,25.0
2014,3,Chaco,53.0,10.0,29.0,1.0,59.0,64.0
2014,3,Chubut,49.0,668.0,882.0,12.0,7.0,69.0
2014,3,Córdoba,340.0,240.0,444.0,4.0,377.0,585.0
2014,3,Corrientes,53.0,9.0,31.0,1.0,65.0,64.0
2014,3,Entre Ríos,109.0,22.0,48.0,5.0,135.0,137.0
2014,3,Formosa,21.0,5.0,0.0,0.0,80.0,26.0
2014,3,Jujuy,30.0,4.0,22.0,37.0,13.0,34.0
2014,3,La Pampa,16.0,34.0,538.0,11.0,677.0,62.0
2014,3,La Rioja,16.0,0.0,14.0,1.0,37.0,16.0
2014,3,Mendoza,150.0,13.0,3.0,40.0,2.0,168.0
2014,3,Misiones,57.0,18.0,4.0,3.0,14.0,75.0
2014,3,Neuquén,54.0,31.0,1.0,13.0,3.0,102.0
2014,3,Río Negro,65.0,27.0,888.0,4.0,2.0,98.0
2014,3,Salta,74.0,18.0,43.0,109.0,580.0,93.0
2014,3,San Juan,48.0,451.0,731.0,1.0,1.0,52.0
2014,3,San Luis,11.0,925.0,355.0,25.0,438.0,13.0
2014,3,Santa Cruz,18.0,492.0,385.0,4.0,3.0,26.0
2014,3,Santa Fe,326.0,184.0,4.0,7.0,733.0,521.0
2014,3,Santiago Del Estero,33.0,4.0,19.0,768.0,41.0,38.0
2014,3,Tierra Del Fuego,22.0,3.0,650.0,1.0,3.0,29.0
2014,3,Tucumán,132.0,97.0,117.0,13.0,100.0,132.0
2014,2,Buenos Aires,2.0,1.0,120.0,17.0,33.0,3.0
2014,2,Capital Federal,448.0,828.0,18.0,2.0,15.0,1.0
2014,2,Catamarca,24.0,243.0,17.0,0.0,43.0,25.0
2014,2,Chaco,53.0,10.0,30.0,0.0,58.0,63.0
2014,2,Chubut,51.0,649.0,866.0,11.0,7.0,71.0
2014,2,Córdoba,338.0,235.0,351.0,4.0,374.0,577.0
2014,2,Corrientes,53.0,9.0,31.0,1.0,55.0,63.0
2014,2,Entre Ríos,109.0,22.0,49.0,5.0,133.0,136.0
2014,2,Formosa,21.0,5.0,0.0,0.0,78.0,26.0
2014,2,Jujuy,30.0,4.0,23.0,40.0,9.0,34.0
2014,2,La Pampa,16.0,33.0,513.0,6.0,689.0,56.0
2014,2,La Rioja,16.0,0.0,14.0,0.0,34.0,16.0
2014,2,Mendoza,149.0,13.0,2.0,36.0,2.0,167.0
2014,2,Misiones,57.0,18.0,4.0,150.0,8.0,75.0
2014,2,Neuquén,48.0,30.0,997.0,11.0,3.0,92.0
2014,2,Río Negro,65.0,25.0,876.0,4.0,2.0,96.0
2014,2,Salta,74.0,18.0,45.0,7.0,577.0,92.0
2014,2,San Juan,48.0,451.0,722.0,1.0,1.0,52.0
2014,2,San Luis,11.0,925.0,354.0,22.0,448.0,13.0
2014,2,Santa Cruz,19.0,448.0,381.0,4.0,3.0,27.0
2014,2,Santa Fe,324.0,178.0,3.0,6.0,636.0,512.0
2014,2,Santiago Del Estero,33.0,4.0,19.0,907.0,34.0,38.0
2014,2,Tierra Del Fuego,22.0,3.0,648.0,1.0,3.0,28.0
2014,2,Tucumán,132.0,97.0,121.0,13.0,98.0,132.0
2014,1,Buenos Aires,2.0,1.0,121.0,17.0,34.0,3.0
2014,1,Capital Federal,446.0,820.0,18.0,2.0,15.0,1.0
2014,1,Catamarca,24.0,46.0,17.0,0.0,43.0,24.0
2014,1,Chaco,53.0,9.0,30.0,0.0,58.0,63.0
2014,1,Chubut,51.0,539.0,866.0,11.0,7.0,70.0
2014,1,Córdoba,337.0,226.0,347.0,4.0,368.0,567.0
2014,1,Corrientes,53.0,8.0,31.0,1.0,55.0,62.0
2014,1,Entre Ríos,108.0,21.0,49.0,5.0,133.0,134.0
2014,1,Formosa,21.0,5.0,0.0,0.0,100.0,25.0
2014,1,Jujuy,30.0,4.0,23.0,0.0,9.0,34.0
2014,1,La Pampa,16.0,31.0,513.0,6.0,701.0,54.0
2014,1,La Rioja,16.0,0.0,14.0,0.0,34.0,16.0
2014,1,Mendoza,149.0,12.0,2.0,37.0,2.0,166.0
2014,1,Misiones,57.0,17.0,4.0,150.0,8.0,74.0
2014,1,Neuquén,48.0,28.0,997.0,10.0,3.0,90.0
2014,1,Río Negro,65.0,24.0,876.0,4.0,2.0,95.0
2014,1,Salta,73.0,18.0,45.0,8.0,568.0,91.0
2014,1,San Juan,48.0,434.0,722.0,808.0,1.0,51.0
2014,1,San Luis,11.0,428.0,354.0,21.0,448.0,13.0
2014,1,Santa Cruz,19.0,100.0,381.0,4.0,3.0,27.0
2014,1,Santa Fe,323.0,174.0,3.0,6.0,644.0,507.0
2014,1,Santiago Del Estero,33.0,4.0,19.0,915.0,34.0,37.0
2014,1,Tierra Del Fuego,22.0,3.0,648.0,1.0,3.0,28.0
2014,1,Tucumán,130.0,83.0,121.0,13.0,98.0,130.0
*,"Los datos provinciales no coinciden a nivel nacional, ya que se rincorporó información que no contien apertuta a nivel geográfico.",,,,,,,
