Año,Trimestre,Provincia,HASTA 512 kbps,+ 512 Kbps - 1 Mbps,+ 1 Mbps - 6 Mbps,+ 6 Mbps - 10 Mbps,+ 10 Mbps - 20 Mbps,+ 20 Mbps - 30 Mbps,+ 30 Mbps,OTROS,Total
2022,4,Buenos Aires,28.934,23.347,259.866,281.55,244.555,98.67,3.760.109,97.634,4.794.665
2022,4,Capital Federal,516.0,5.096,31.320,64.653,36.336,8.116,1.299.117,106.772,1.551.926
2022,4,Catamarca,71.0,315.0,2.716,5.028,4.638,3.122,52.739,2.28,70.909
2022,4,Chaco,461.0,771.0,16.067,17.846,6.704,3.039,94.866,3.909,143.663
2022,4,Chubut,109.0,1.614,46.457,31.007,34.728,15.77,19.048,20.026,168.759
2022,4,Córdoba,99.0,9.929,143.686,108.195,63.12,20.691,686.330,17.61,1.049.660
2022,4,Corrientes,67.0,3.282,22.647,24.858,7.025,3.77,85.806,7.998,155.453
2022,4,Entre Ríos,107.0,4.722,45.629,46.7,20.927,22.483,130.406,0.0,270.974
2022,4,Formosa,84.0,245.0,22.458,12.391,6.724,310.0,18.930,698.0,61.840
2022,4,Jujuy,58.0,1.763,18.652,14.07,36.43,335.0,46.910,0.0,118.218
2022,4,La Pampa,68.0,1.687,52.618,10.334,9.167,4.479,19.783,16.028,114.164
2022,4,La Rioja,18.0,595.0,2.531,3.01,24.435,5.029,50.644,0.0,86.262
2022,4,Mendoza,103.0,2.954,35.541,20.355,35.935,14.909,161.163,21.144,292.104
2022,4,Misiones,51.0,3.51,35.622,21.373,12.196,3.182,101.745,8.59,186.269
2022,4,Neuquén,168.0,994.0,38.814,13.96,13.008,5.739,85.247,2.25,160.180
2022,4,Río Negro,111.0,1.081,32.053,13.931,20.442,7.335,57.495,29.644,162.092
2022,4,Salta,114.0,1.197,31.530,71.105,5.036,117.0,90.014,6.747,205.860
2022,4,San Juan,24.0,2.027,30.069,11.247,20.44,8.188,19.991,11.84,103.826
2022,4,San Luis,60.0,624.0,11.785,24.684,13.981,78.506,2.227,3.353,135.220
2022,4,Santa Cruz,51.0,6.81,11.616,11.509,10.374,3.236,5.559,1.048,50.203
2022,4,Santa Fe,468.0,9.374,115.767,194.42,73.345,22.899,453.078,18.34,887.691
2022,4,Santiago Del Estero,178.0,1.267,26.183,58.136,17.735,661.0,14.345,989.0,119.494
2022,4,Tierra Del Fuego,22.0,902.0,11.649,13.634,21.365,3.612,1.812,2.264,55.260
2022,4,Tucumán,39.0,1.562,29.996,35.425,26.369,1.375,153.538,15.118,263.422
2022,3,Buenos Aires,29.985,27.709,290.315,297.915,267.044,124.19,3.618.689,65.821,4.721.668
2022,3,Capital Federal,517.0,5.742,34.371,67.829,51.946,28.692,1.253.105,105.477,1.547.679
2022,3,Catamarca,71.0,384.0,3.107,5.389,5.099,3.737,50.298,2.208,70.293
2022,3,Chaco,461.0,987.0,16.782,18.938,8.049,15.828,79.390,3.711,144.146
2022,3,Chubut,109.0,1.444,45.707,30.94,34.682,15.309,17.563,20.024,165.778
2022,3,Córdoba,99.0,11.312,153.324,111.615,70.989,27.112,650.344,13.873,1.038.668
2022,3,Corrientes,67.0,3.865,23.427,23.948,7.776,21.706,56.950,7.107,144.846
2022,3,Entre Ríos,107.0,5.549,47.210,46.855,18.263,32.021,102.195,16.759,268.959
2022,3,Formosa,97.0,307.0,23.538,19.545,6.194,564.0,17.704,589.0,68.538
2022,3,Jujuy,58.0,1.879,19.135,15.254,36.083,519.0,45.895,0.0,118.823
2022,3,La Pampa,68.0,1.887,61.540,9.653,11.592,5.609,22.731,3.012,116.092
2022,3,La Rioja,18.0,689.0,2.842,3.375,24.219,5.331,50.390,0.0,86.864
2022,3,Mendoza,103.0,2.953,44.232,21.977,48.201,17.243,150.043,4.771,289.523
2022,3,Misiones,51.0,3.749,36.628,20.758,12.676,19.615,80.330,8.35,182.157
2022,3,Neuquén,134.0,991.0,38.485,14.08,9.2,6.7,78.713,14.858,163.161
2022,3,Río Negro,111.0,1.221,32.936,17.86,27.934,13.629,42.596,24.271,160.558
2022,3,Salta,114.0,1.49,32.923,71.199,5.662,1.001,85.661,6.491,204.541
2022,3,San Juan,24.0,2.027,30.324,11.247,22.157,6.78,19.221,11.619,103.399
2022,3,San Luis,60.0,307.0,6.563,20.813,12.061,67.438,13,14.815,122.070
2022,3,Santa Cruz,52.0,6.841,12.342,11.313,11.378,2.333,4.604,647.0,49.510
2022,3,Santa Fe,468.0,11.132,132.709,198.588,70.897,57.455,396.352,20.209,887.810
2022,3,Santiago Del Estero,178.0,1.384,28.357,58.982,16.087,910.0,12.342,792.0,119.032
2022,3,Tierra Del Fuego,22.0,831.0,12.002,14.815,20.102,1.752,1.021,3.351,53.896
2022,3,Tucumán,39.0,2.047,32.571,39.018,25.214,4.348,159.600,280.0,263.117
2022,2,Buenos Aires,30.639,28.323,295.238,307.554,273.954,129.869,3.535.757,65.849,4.667.183
2022,2,Capital Federal,517.0,5.98,36.036,72.434,55.372,31.571,1.229.254,105.607,1.536.771
2022,2,Catamarca,71.0,413.0,3.678,6.155,7.165,3.393,43.926,2.207,67.008
2022,2,Chaco,461.0,1.047,17.603,20.109,8.391,15.974,76.271,3.708,143.564
2022,2,Chubut,109.0,1.444,45.804,31.217,34.29,14.526,15.394,20.021,162.805
2022,2,Córdoba,99.0,11.971,160.486,120.485,71.923,28.645,619.400,13.426,1.026.435
2022,2,Corrientes,67.0,3.937,24.253,24.842,8.001,21.719,55.071,7.107,144.997
2022,2,Entre Ríos,107.0,5.656,48.637,48.557,18.512,32.355,98.769,16.759,269.352
2022,2,Formosa,97.0,407.0,23.834,19.706,6.33,591.0,16.326,590.0,67.881
2022,2,Jujuy,58.0,1.829,19.458,15.79,37.786,549.0,37.391,2.453,115.314
2022,2,La Pampa,68.0,1.887,62.546,9.842,11.8,5.247,17.125,3.012,111.527
2022,2,La Rioja,18.0,728.0,3.179,3.89,23.814,5.481,48.920,0.0,86.030
2022,2,Mendoza,103.0,2.954,44.961,22.557,64.138,19.543,121.366,3.94,279.562
2022,2,Misiones,51.0,3.808,37.254,21.712,12.774,19.757,75.107,8.35,178.813
2022,2,Neuquén,134.0,999.0,38.826,15.066,9.205,2.039,76.982,18.717,161.968
2022,2,Río Negro,111.0,1.227,33.364,17.938,27.168,13.714,41.972,24.27,159.764
2022,2,Salta,114.0,1.53,33.732,72.661,6.012,1.156,81.478,6.494,203.177
2022,2,San Juan,24.0,2.027,30.385,11.276,24.649,3.728,16.701,11.617,100.407
2022,2,San Luis,60.0,306.0,6.840,21.217,11.052,67.438,13,14.815,121.741
2022,2,Santa Cruz,52.0,6.841,12.348,11.369,11.885,2.454,3.592,644.0,49.185
2022,2,Santa Fe,468.0,11.757,138.534,204.381,74.133,58.114,373.888,17.584,878.859
2022,2,Santiago Del Estero,178.0,1.401,29.581,59.931,14.606,883.0,10.672,792.0,118.044
2022,2,Tierra Del Fuego,22.0,831.0,12.052,14.828,19.968,1.712,1.006,3.351,53.770
2022,2,Tucumán,39.0,2.195,34.461,43.513,23.634,4.863,145.541,281.0,254.527
2022,1,Buenos Aires,31.591,30.056,313.382,321.756,290.127,161.183,3.381.049,26.28,4.555.424
2022,1,Capital Federal,527.0,5.575,39.918,77.39,61.053,43.289,1.188.072,1.717,1.417.541
2022,1,Catamarca,71.0,456.0,4.386,7.009,8.773,3.761,35.715,2.207,62.378
2022,1,Chaco,461.0,1.099,16.888,21.235,20.898,13.012,62.946,7.58,144.119
2022,1,Chubut,113.0,1.677,61.369,31.856,33.08,13.871,14.055,15.607,171.628
2022,1,Córdoba,100.0,12.782,165.922,126.009,73.967,34.892,577.027,13.104,1.003.803
2022,1,Corrientes,67.0,4.029,24.563,25.665,27.077,10.452,43.631,7.094,142.578
2022,1,Entre Ríos,107.0,5.745,50.075,49.62,42.294,21.578,81.757,16.75,267.926
2022,1,Formosa,97.0,448.0,24.113,6.945,6.613,716.0,15.028,588.0,54.548
2022,1,Jujuy,58.0,1.761,22.141,16.321,37.923,576.0,35.287,2.442,116.509
2022,1,La Pampa,301.0,2.223,62.812,9.869,12.044,5.25,14.400,2.833,109.732
2022,1,La Rioja,18.0,778.0,3.576,4.692,23.624,5.645,45.970,0.0,84.303
2022,1,Mendoza,114.0,3.355,51.230,26.407,74.178,21.566,95.048,3.287,275.185
2022,1,Misiones,51.0,3.873,35.655,22.261,26.855,15.854,58.610,8.349,171.508
2022,1,Neuquén,137.0,1.123,39.856,15.623,11.163,2.654,71.238,7.885,149.679
2022,1,Río Negro,116.0,1.383,35.565,18.859,26.926,14.144,37.729,22.652,157.374
2022,1,Salta,114.0,1.725,35.576,68.246,6.313,2.214,76.838,6.489,197.515
2022,1,San Juan,26.0,2.269,32.356,11.914,25.144,2.088,11.916,2.465,88.178
2022,1,San Luis,61.0,643.0,8.287,3.837,9.802,68.612,13,28.589,119.844
2022,1,Santa Cruz,51.0,6.898,12.710,11.502,12.277,2.628,2.551,485.0,49.102
2022,1,Santa Fe,468.0,12.435,143.796,208.361,84.787,58.018,344.170,18.444,870.479
2022,1,Santiago Del Estero,178.0,1.401,30.220,61.17,13.542,849.0,8.309,792.0,116.461
2022,1,Tierra Del Fuego,24.0,894.0,12.849,15.64,18.034,1.767,982,2.421,52.611
2022,1,Tucumán,39.0,2.212,36.028,46.961,21.014,5.211,133.846,273.0,245.584
2021,4,Buenos Aires,37.821,11.026,352.950,331.292,297.296,196.021,3.259.793,22.958,4.509.157
2021,4,Capital Federal,563.0,1.695,47.133,81.899,66.135,66.755,1.147.939,0.0,1.412.119
2021,4,Catamarca,71.0,0.0,6.038,7.855,9.804,3.262,29.827,2.233,59.090
2021,4,Chaco,461.0,112.0,18.845,22.678,21.937,13.692,58.435,7.585,143.745
2021,4,Chubut,126.0,1.294,63.698,39.568,31.175,5.78,2.904,15.763,160.308
2021,4,Córdoba,100.0,2.479,184.548,130.892,76.246,41.198,538.700,12.607,986.770
2021,4,Corrientes,67.0,645.0,28.830,26.368,22.922,10.087,39.911,7.082,135.912
2021,4,Entre Ríos,107.0,3.024,56.043,49.636,38.295,24.068,77.290,16.583,265.046
2021,4,Formosa,84.0,0.0,22.908,6.983,6.811,1.135,13.775,1.967,53.663
2021,4,Jujuy,58.0,175.0,22.446,16.793,38.134,564.0,33.421,2.324,113.915
2021,4,La Pampa,301.0,493.0,64.840,9.082,12.259,4.821,12.184,3.027,107.007
2021,4,La Rioja,18.0,1.0,5.018,5.437,23.559,5.671,43.424,0.0,83.128
2021,4,Mendoza,156.0,1.463,66.428,30.308,75.214,18.621,75.031,366.0,267.587
2021,4,Misiones,51.0,5.0,41.916,23.554,26.721,15.954,54.596,8.335,171.132
2021,4,Neuquén,140.0,940.0,42.313,13.264,10.515,3.31,69.217,7.767,147.466
2021,4,Río Negro,156.0,1.174,38.373,19.878,31.255,4.13,36.142,22.645,153.753
2021,4,Salta,114.0,20.0,40.673,69.324,6.642,3.535,72.622,6.475,199.405
2021,4,San Juan,44.0,1.442,28.906,10.955,23.978,398.0,9.800,4.435,79.958
2021,4,San Luis,62.0,264.0,8.550,4.276,9.107,67.363,9,29.218,118.849
2021,4,Santa Cruz,52.0,297.0,20.305,11.641,13.054,1.77,876,491.0,48.486
2021,4,Santa Fe,467.0,581.0,169.706,206.856,85.69,62.349,322.015,18.777,866.441
2021,4,Santiago Del Estero,178.0,909.0,31.915,61.524,12.205,800.0,7.537,793.0,115.861
2021,4,Tierra Del Fuego,26.0,385.0,13.505,16.534,16.562,1.748,1.017,2.58,52.357
2021,4,Tucumán,39.0,97.0,37.321,48.736,21.023,5.326,125.857,240.0,238.639
2021,3,Buenos Aires,37.193,31.149,1.108.940,248.153,141.383,192.797,2.482.266,9.728,4.251.609
2021,3,Capital Federal,295.0,603.0,156.978,67.013,39.785,73.502,1.075.229,0.0,1.413.405
2021,3,Catamarca,71.0,0.0,6.755,8.428,10.517,1.659,26.618,2.206,56.254
2021,3,Chaco,301.0,112.0,22.545,20.986,23.852,14.412,49.705,7.958,139.871
2021,3,Chubut,104.0,105.0,89.168,26.281,18.538,5.32,1.643,14.907,156.066
2021,3,Córdoba,99.0,2.452,204.989,141.285,65.05,47.198,476.459,9.256,946.788
2021,3,Corrientes,67.0,645.0,29.629,28.478,24.792,9.687,35.468,5.053,133.819
2021,3,Entre Ríos,107.0,3.024,61.354,59.776,39.114,16.284,67.961,12.755,260.375
2021,3,Formosa,381.0,0.0,22.778,7.142,6.978,1.192,12.707,1.617,52.795
2021,3,Jujuy,48.0,175.0,23.884,16.417,37.755,561.0,29.917,2.401,111.158
2021,3,La Pampa,298.0,313.0,65.063,7.395,8.737,4.023,10.506,4.152,100.487
2021,3,La Rioja,18.0,1.0,5.366,5.979,23.315,4.868,42.613,0.0,82.160
2021,3,Mendoza,36.0,31.0,151.871,12.64,62.628,7.596,21.087,50.0,255.939
2021,3,Misiones,51.0,5.0,41.932,25.099,26.079,14.792,42.291,8.279,158.528
2021,3,Neuquén,112.0,327.0,57.441,8.566,6.234,3.631,57.919,5.579,139.809
2021,3,Río Negro,125.0,557.0,68.991,3.73,14.88,2.282,34.011,20.009,144.585
2021,3,Salta,101.0,20.0,41.431,70.104,6.962,3.878,67.010,6.327,195.833
2021,3,San Juan,18.0,333.0,59.873,752.0,13.25,338.0,278,4.641,79.483
2021,3,San Luis,60.0,0.0,11.552,2.405,6.491,67.942,22,29.392,117.864
2021,3,Santa Cruz,50.0,0.0,30.561,8.365,6.799,1.788,678,735.0,48.976
2021,3,Santa Fe,467.0,579.0,193.207,201.25,83.941,55.08,290.793,16.267,841.584
2021,3,Santiago Del Estero,123.0,909.0,32.752,61.838,11.274,801.0,6.863,898.0,115.458
2021,3,Tierra Del Fuego,17.0,0.0,23.723,13.397,9.782,1.433,976,895.0,50.223
2021,3,Tucumán,32.0,97.0,39.446,50.293,21.986,5.3,115.154,164.0,232.472
2021,2,Buenos Aires,37.192,31.178,1.096.049,244.001,140.322,236.897,2.337.604,9.108,4.132.351
2021,2,Capital Federal,294.0,603.0,157.558,73.568,43.859,86.655,1.037.752,66.0,1.400.355
2021,2,Catamarca,71.0,0.0,7.219,9.091,6.828,4.941,25.388,2.206,55.744
2021,2,Chaco,301.0,112.0,23.444,21.574,24.032,16.069,47.239,7.958,140.729
2021,2,Chubut,104.0,105.0,89.639,22.605,16.604,3.896,1.112,5.172,139.237
2021,2,Córdoba,99.0,2.452,201.757,136.516,66.95,70.824,442.357,9.925,930.880
2021,2,Corrientes,67.0,645.0,29.419,27.037,24.524,10.059,32.697,5.053,129.501
2021,2,Entre Ríos,107.0,3.024,63.518,55.349,39.468,18.484,61.605,16.077,257.632
2021,2,Formosa,381.0,0.0,22.364,7.31,7.46,1.341,11.077,1.618,51.551
2021,2,Jujuy,48.0,175.0,24.182,16.577,37.908,607.0,29.950,2.401,111.848
2021,2,La Pampa,298.0,554.0,64.146,7.769,8.128,3.399,9.311,4.062,97.667
2021,2,La Rioja,18.0,1.0,5.312,5.971,23.298,4.825,42.158,19.0,81.602
2021,2,Mendoza,36.0,31.0,137.462,10.886,56.117,4.403,20.686,50.0,229.671
2021,2,Misiones,51.0,5.0,41.643,25.907,25.811,16.172,38.308,8.279,156.176
2021,2,Neuquén,112.0,327.0,57.713,8.631,5.871,5.943,54.008,5.645,138.250
2021,2,Río Negro,125.0,557.0,69.356,3.663,15.019,3.867,31.488,20.009,144.084
2021,2,Salta,101.0,20.0,42.543,67.012,7.099,9.654,58.882,6.328,191.639
2021,2,San Juan,18.0,333.0,59.989,784.0,12.55,340.0,278,4.641,78.933
2021,2,San Luis,60.0,0.0,11.752,2.703,5.418,65.946,22,36.917,122.818
2021,2,Santa Cruz,50.0,0.0,30.595,8.463,6.888,1.575,676,735.0,48.982
2021,2,Santa Fe,467.0,896.0,202.018,204.077,80.452,75.195,262.124,15.371,840.600
2021,2,Santiago Del Estero,123.0,909.0,32.034,62.224,10.359,811.0,6.064,1.566,114.090
2021,2,Tierra Del Fuego,17.0,0.0,21.335,6.913,4.58,476.0,889,1.483,35.693
2021,2,Tucumán,32.0,97.0,40.224,51.648,23.732,5.022,109.616,2.68,233.051
2021,1,Buenos Aires,36.939,31.187,1.108.368,240.52,163.747,222.061,2.246.313,10.867,4.060.002
2021,1,Capital Federal,135.0,244.0,159.662,76.753,56.457,83.255,1.003.041,126.0,1.379.673
2021,1,Catamarca,71.0,0.0,7.423,8.455,10.115,712.0,22.996,2.196,51.968
2021,1,Chaco,301.0,112.0,24.357,22.102,27.556,14.496,42.462,8.384,139.770
2021,1,Chubut,106.0,109.0,86.986,21.401,15.392,2.844,1.112,4.39,132.340
2021,1,Córdoba,93.0,2.386,211.799,135.092,74.659,71.984,402.191,12.677,910.881
2021,1,Corrientes,67.0,527.0,31.544,26.223,26.169,9.001,27.641,5.453,126.625
2021,1,Entre Ríos,105.0,2.911,67.255,56.06,42.432,15.774,54.600,12.826,251.963
2021,1,Formosa,56.0,0.0,22.409,7.569,7.916,1.215,9.579,1.942,50.686
2021,1,Jujuy,49.0,175.0,23.735,17.293,40.649,568.0,25.609,2.378,110.456
2021,1,La Pampa,298.0,554.0,68.200,7.864,7.611,2.786,7.368,2.424,97.105
2021,1,La Rioja,18.0,1.0,36.749,5.968,4.604,215.0,5.074,-1.0,52.628
2021,1,Mendoza,28.0,40.0,134.386,11.216,52.533,4.061,16.615,44.0,218.923
2021,1,Misiones,51.0,524.0,40.949,25.503,27.101,14.05,32.953,8.256,149.387
2021,1,Neuquén,116.0,327.0,56.171,8.443,5.903,5.677,50.840,5.758,133.235
2021,1,Río Negro,125.0,466.0,70.011,4.187,13.045,3.642,29.589,20.103,141.168
2021,1,Salta,109.0,20.0,40.785,68.149,9.164,8.139,54.889,6.319,187.574
2021,1,San Juan,25.0,194.0,60.439,858.0,11.494,340.0,276,4.641,78.267
2021,1,San Luis,58.0,0.0,11.889,2.926,4.429,62.913,22,36.917,119.154
2021,1,Santa Cruz,50.0,0.0,30.655,8.334,6.987,1.337,647,-1.945,46.065
2021,1,Santa Fe,518.0,891.0,201.632,204.458,91.846,65.476,236.924,24.382,826.127
2021,1,Santiago Del Estero,123.0,909.0,33.884,58.464,8.549,700.0,4.868,4.144,111.641
2021,1,Tierra Del Fuego,17.0,0.0,21.379,1.468,4.317,486.0,919,11.836,40.422
2021,1,Tucumán,29.0,97.0,42.810,53.416,25.255,4.188,103.437,2.68,231.912
2020,4,Buenos Aires,36.939,31.197,1.109.865,242.243,214.171,213.588,2.176.242,9.016,4.033.261
2020,4,Capital Federal,135.0,244.0,160.210,78.123,60.208,80.269,1.000.073,268.0,1.379.530
2020,4,Catamarca,71.0,0.0,8.843,8.74,11.436,591.0,20.406,2.309,52.396
2020,4,Chaco,301.0,112.0,24.782,22.479,26.802,15.701,40.949,7.965,139.091
2020,4,Chubut,106.0,109.0,88.157,21.824,12.046,2.818,1.112,4.402,130.574
2020,4,Córdoba,119.0,2.386,214.963,135.262,82.221,70.013,384.169,13.568,902.701
2020,4,Corrientes,67.0,527.0,31.900,26.321,25.687,9.383,26.789,4.985,125.659
2020,4,Entre Ríos,105.0,2.911,65.659,53.556,40.755,16.6,53.141,14.654,247.381
2020,4,Formosa,56.0,0.0,23.540,7.606,7.181,1.197,8.946,1.68,50.206
2020,4,Jujuy,49.0,182.0,23.772,14.379,44.93,446.0,19.282,2.811,105.851
2020,4,La Pampa,298.0,554.0,70.184,8.124,6.562,2.396,6.257,2.52,96.895
2020,4,La Rioja,18.0,1.0,36.906,6.06,4.633,181.0,4.979,0.0,52.778
2020,4,Mendoza,28.0,40.0,146.312,11.172,40.396,3.378,11.557,2.57,215.453
2020,4,Misiones,51.0,524.0,39.988,26.078,26.445,14.81,32.264,7.001,147.161
2020,4,Neuquén,116.0,327.0,56.434,8.478,5.791,5.493,50.776,5.72,133.135
2020,4,Río Negro,125.0,466.0,70.305,4.153,13.131,3.512,29.372,20.146,141.210
2020,4,Salta,109.0,514.0,41.443,68.829,15.188,8.291,46.697,6.319,187.390
2020,4,San Juan,25.0,194.0,61.316,740.0,5.126,332.0,275,4.588,72.596
2020,4,San Luis,58.0,0.0,14.020,3.49,2.688,62.239,22,36.918,119.435
2020,4,Santa Cruz,47.0,0.0,27.173,4.382,6.634,1.033,647,758.0,40.674
2020,4,Santa Fe,518.0,891.0,206.372,203.793,94.246,65.145,226.246,23.602,820.813
2020,4,Santiago Del Estero,123.0,909.0,34.518,57.59,4.666,411.0,4.520,3.932,106.669
2020,4,Tierra Del Fuego,17.0,0.0,21.881,6.119,3.497,488.0,922,6.69,39.614
2020,4,Tucumán,29.0,97.0,44.095,54.334,32.155,4.105,93.594,2.68,231.089
2020,3,Buenos Aires,37.542,31.514,1.113.823,234.71,219.772,194.248,2.085.815,19.853,3.937.277
2020,3,Capital Federal,264.0,312.0,162.222,85.083,68.753,78.028,977.766,247.0,1.372.675
2020,3,Catamarca,63.0,0.0,8.276,8.768,11.195,562.0,18.886,2.154,49.904
2020,3,Chaco,308.0,112.0,24.675,21.639,27.546,13.751,38.729,7.194,133.954
2020,3,Chubut,158.0,109.0,87.559,22.114,12.217,2.818,1.110,3.942,130.027
2020,3,Córdoba,168.0,3.064,218.599,124.833,84.236,63.823,361.021,11.728,867.472
2020,3,Corrientes,72.0,527.0,35.190,23.315,25.308,8.615,25.344,5.02,123.391
2020,3,Entre Ríos,130.0,2.911,66.648,51.478,40.797,14.377,49.395,15.759,241.495
2020,3,Formosa,391.0,151.0,23.163,7.432,7.125,991.0,8.219,1.737,49.209
2020,3,Jujuy,55.0,182.0,32.131,10.566,45.198,293.0,15.238,3.065,106.728
2020,3,La Pampa,293.0,810.0,66.695,7.82,5.577,2.189,6.322,4.029,93.735
2020,3,La Rioja,21.0,1.0,37.105,5.955,4.66,124.0,4.748,2.0,52.616
2020,3,Mendoza,58.0,40.0,141.404,12.123,42.433,3.448,8.237,45.0,207.788
2020,3,Misiones,71.0,524.0,39.005,24.215,25.942,13.663,30.987,8.779,143.186
2020,3,Neuquén,218.0,327.0,60.463,6.561,5.975,5.449,49.439,803.0,129.235
2020,3,Río Negro,114.0,466.0,68.986,3.769,7.096,3.455,28.488,19.093,131.467
2020,3,Salta,129.0,514.0,32.780,64.736,15.99,7.928,43.773,14.996,180.846
2020,3,San Juan,48.0,194.0,65.526,711.0,6.529,41.0,128,4.15,77.327
2020,3,San Luis,105.0,0.0,12.199,3.351,2.666,61.319,8,36.917,116.565
2020,3,Santa Cruz,66.0,0.0,26.888,4.015,6.73,629.0,120,833.0,39.281
2020,3,Santa Fe,568.0,1.241,213.353,199.381,92.095,58.797,210.562,27.001,802.998
2020,3,Santiago Del Estero,133.0,909.0,33.287,57.418,4.658,292.0,3.994,4.801,105.492
2020,3,Tierra Del Fuego,11.0,0.0,22.094,5.414,3.726,481.0,937,6.992,39.655
2020,3,Tucumán,52.0,97.0,45.913,54.61,33.126,3.246,84.195,2.637,223.876
2020,2,Buenos Aires,37.542,31.606,1.129.236,241.336,233.132,188.995,1.894.466,21.233,3.777.546
2020,2,Capital Federal,264.0,312.0,166.474,94.585,79.858,80.16,935.481,687.0,1.357.821
2020,2,Catamarca,63.0,0.0,8.801,8.69,10.242,426.0,16.578,3.176,47.976
2020,2,Chaco,308.0,928.0,24.350,21.14,29.044,12.082,33.311,6.969,128.132
2020,2,Chubut,158.0,109.0,69.578,22.188,10.537,1.473,614,3.999,108.656
2020,2,Córdoba,168.0,4.383,219.025,125.932,89.53,63.216,325.243,8.971,836.468
2020,2,Corrientes,72.0,527.0,34.242,22.845,25.844,7.898,22.418,5.02,118.866
2020,2,Entre Ríos,130.0,3.679,66.758,50.64,42.09,12.856,43.391,14.569,234.113
2020,2,Formosa,391.0,151.0,23.534,7.109,6.998,961.0,7.475,1.313,47.932
2020,2,Jujuy,55.0,182.0,30.548,10.519,26.829,209.0,9.417,16.557,94.316
2020,2,La Pampa,293.0,810.0,71.218,7.531,3.8,1.657,3.377,1.123,89.809
2020,2,La Rioja,21.0,1.0,37.375,5.661,4.686,73.0,4.336,2.0,52.155
2020,2,Mendoza,58.0,40.0,142.253,12.439,35.274,3.248,5.422,2.45,201.184
2020,2,Misiones,71.0,524.0,39.867,23.719,26.445,12.305,28.763,8.646,140.340
2020,2,Neuquén,218.0,327.0,61.171,6.103,6.625,5.296,46.432,0.0,126.172
2020,2,Río Negro,114.0,466.0,70.817,3.335,7.498,3.246,26.953,17.057,129.486
2020,2,Salta,129.0,514.0,41.801,64.463,16.989,7.741,39.594,6.531,177.762
2020,2,San Juan,48.0,194.0,59.113,917.0,4.908,40.0,127,4.43,69.777
2020,2,San Luis,105.0,0.0,11.439,3.585,1.934,60.889,8,35.992,113.952
2020,2,Santa Cruz,66.0,0.0,26.938,4.166,6.541,546.0,119,493.0,38.869
2020,2,Santa Fe,568.0,2.061,213.054,198.772,96.575,57.236,189.473,20.193,777.932
2020,2,Santiago Del Estero,133.0,1.779,32.557,57.709,5.178,247.0,3.328,4.516,105.447
2020,2,Tierra Del Fuego,11.0,0.0,22.325,5.186,3.034,391.0,796,7.446,39.189
2020,2,Tucumán,52.0,97.0,49.028,54.537,34.184,2.246,74.377,2.635,217.156
2020,1,Buenos Aires,38.215,36.802,1.122.034,236.421,247.977,205.78,1.802.583,28.935,3.718.747
2020,1,Capital Federal,264.0,312.0,169.651,102.254,89.665,85.899,906.009,0.0,1.354.054
2020,1,Catamarca,63.0,0.0,8.838,7.543,9.558,408.0,10.299,2.151,38.860
2020,1,Chaco,308.0,928.0,23.291,19.976,29.851,10.416,28.539,6.917,120.226
2020,1,Chubut,158.0,109.0,69.586,12.957,7.756,1.24,614,4.5,96.920
2020,1,Córdoba,142.0,5.128,217.229,120.188,95.827,65.733,296.875,9.802,810.924
2020,1,Corrientes,72.0,527.0,33.479,21.382,26.679,7.351,19.467,4.78,113.737
2020,1,Entre Ríos,130.0,4.081,72.280,47.132,41.125,11.988,39.794,13.762,230.292
2020,1,Formosa,1.127,342.0,23.761,6.5,6.564,964.0,6.918,100.0,46.276
2020,1,Jujuy,55.0,182.0,33.120,9.979,26.693,166.0,7.349,16.545,94.089
2020,1,La Pampa,293.0,811.0,72.740,7.199,3.029,1.342,2.113,1.618,89.145
2020,1,La Rioja,21.0,1.0,37.209,5.158,4.64,22.0,1.294,0.0,48.345
2020,1,Mendoza,58.0,40.0,140.410,12.285,17.489,2.86,3.818,0.0,176.960
2020,1,Misiones,71.0,524.0,36.622,21.271,26.433,11.581,26.313,10.885,133.700
2020,1,Neuquén,218.0,327.0,60.152,5.257,7.123,5.399,43.738,0.0,122.214
2020,1,Río Negro,114.0,466.0,69.154,2.93,7.857,3.199,25.488,17.719,126.927
2020,1,Salta,129.0,514.0,38.537,63.714,17.991,8.625,34.744,6.441,170.695
2020,1,San Juan,48.0,194.0,59.787,1.594,1.292,40.0,127,4.779,67.861
2020,1,San Luis,105.0,0.0,11.322,4.164,525.0,58.258,5,36.075,110.454
2020,1,Santa Cruz,67.0,11.0,27.447,4.993,5.169,529.0,119,0.0,38.335
2020,1,Santa Fe,696.0,2.994,217.553,196.826,104.56,48.448,173.823,17.656,762.556
2020,1,Santiago Del Estero,133.0,1.779,33.086,56.884,3.737,135.0,2.799,4.501,103.054
2020,1,Tierra Del Fuego,11.0,1.0,22.976,5.024,1.834,196.0,518,7.046,37.606
2020,1,Tucumán,52.0,97.0,49.555,50.383,31.096,1.73,67.536,0.0,200.449
2019,4,Buenos Aires,33.489,27.537,1.177.446,262.297,247.106,452.57,1.465.133,20.676,3.686.254
2019,4,Capital Federal,307.0,15.0,177.098,110.218,110.852,205.81,753.805,0.0,1.358.105
2019,4,Catamarca,63.0,0.0,9.945,7.619,9.305,804.0,7.477,3.098,38.311
2019,4,Chaco,83.0,0.0,25.899,18.959,30.902,13.516,21.556,6.988,117.903
2019,4,Chubut,158.0,4.0,69.405,12.945,7.615,1.24,614,4.121,96.102
2019,4,Córdoba,142.0,0.0,232.781,118.232,109.33,114.111,221.742,10.35,806.688
2019,4,Corrientes,72.0,0.0,35.055,20.62,27.367,9.981,15.744,4.995,113.834
2019,4,Entre Ríos,47.0,0.0,88.203,44.511,42.962,18.976,30.153,14.178,239.030
2019,4,Formosa,1.127,191.0,24.606,6.319,6.788,1.766,5.671,243.0,46.711
2019,4,Jujuy,55.0,0.0,32.920,9.632,26.764,102.0,5.286,14.122,88.881
2019,4,La Pampa,293.0,313.0,76.747,6.9,1.951,1.287,1.342,1.566,90.399
2019,4,La Rioja,21.0,0.0,37.846,5.045,4.763,22.0,1.305,0.0,49.002
2019,4,Mendoza,746.0,9.0,145.139,12.955,15.237,2.165,2.628,6.901,185.780
2019,4,Misiones,71.0,0.0,39.664,20.84,27.305,15.626,20.799,11.508,135.813
2019,4,Neuquén,218.0,1.0,57.370,4.439,7.357,12.059,35.001,0.0,116.445
2019,4,Río Negro,114.0,0.0,71.847,2.797,8.558,6.968,19.837,17.019,127.140
2019,4,Salta,149.0,1.0,42.159,67.656,15.369,14.17,25.821,7.12,172.445
2019,4,San Juan,48.0,1.0,60.626,1.594,1.292,40.0,127,1.246,64.974
2019,4,San Luis,105.0,0.0,11.901,4.164,525.0,55.216,3,36.287,108.201
2019,4,Santa Cruz,67.0,0.0,32.368,4.346,2.224,7.0,8,350.0,39.370
2019,4,Santa Fe,698.0,0.0,230.234,190.664,113.527,70.998,135.576,27.472,769.169
2019,4,Santiago Del Estero,133.0,908.0,34.911,56.309,3.756,105.0,2.449,5.017,103.588
2019,4,Tierra Del Fuego,11.0,0.0,23.593,5.05,1.848,139.0,1.962,7.789,40.392
2019,4,Tucumán,55.0,0.0,54.544,52.017,28.916,6.405,56.707,0.0,198.644
2019,3,Buenos Aires,238.92,44.648,1.432.722,222.812,260.506,483.572,1.246.209,42.294,3.971.683
2019,3,Capital Federal,104.0,368.0,269.704,120.924,138.011,258.591,655.108,0.0,1.442.810
2019,3,Catamarca,34.0,43.0,14.449,9.285,6.333,72.0,15,2.151,32.382
2019,3,Chaco,69.0,1.216,32.764,28.198,13.336,12.987,16.740,6.917,112.227
2019,3,Chubut,74.0,840.0,62.680,13.033,7.171,1.24,614,4.5,90.152
2019,3,Córdoba,83.0,5.824,240.151,106.651,118.486,146.247,157.546,7.353,782.341
2019,3,Corrientes,10.0,597.0,42.231,29.628,10.348,10.388,12.674,4.78,110.656
2019,3,Entre Ríos,19.0,4.446,99.656,56.161,17.064,21.216,22.645,15.107,236.314
2019,3,Formosa,1.11,349.0,24.943,6.049,7.117,2.262,4.443,100.0,46.373
2019,3,Jujuy,27.0,885.0,31.722,9.24,26.835,56.0,3.671,16.545,88.981
2019,3,La Pampa,237.0,3.289,75.849,5.922,1.611,1.359,941,1.618,90.826
2019,3,La Rioja,9.0,10.0,38.657,4.786,4.887,22.0,1.307,0.0,49.678
2019,3,Mendoza,21.0,1.269,206.821,2.958,10.093,1.263,349,0.0,222.774
2019,3,Misiones,47.0,1.928,43.530,29.375,11.256,16.107,16.650,12.206,131.099
2019,3,Neuquén,45.0,2.258,62.909,4.586,9.597,16.923,28.458,122.0,124.898
2019,3,Río Negro,47.0,1.234,87.435,2.348,9.779,10.176,15.505,17.719,144.243
2019,3,Salta,49.0,900.0,43.160,62.23,14.309,11.418,12.357,7.515,151.938
2019,3,San Juan,22.0,171.0,68.315,2.245,1.267,41.0,128,4.779,76.968
2019,3,San Luis,57.0,100.0,18.643,5.113,467.0,62.242,5,36.075,122.702
2019,3,Santa Cruz,28.0,84.0,31.612,4.472,1.203,27.0,4,0.0,37.430
2019,3,Santa Fe,640.0,8.184,242.454,193.286,107.068,84.325,97.082,19.537,752.576
2019,3,Santiago Del Estero,39.0,1.832,35.554,55.172,3.612,86.0,1.836,34.501,132.632
2019,3,Tierra Del Fuego,6.0,14.0,32.133,4.692,1.756,82.0,226,9.648,48.557
2019,3,Tucumán,16.0,110.0,71.043,47.693,24.354,843.0,20.385,0.0,164.444
2019,2,Buenos Aires,199.768,46.852,1.436.259,217.785,438.663,502.275,985.767,43.438,3.870.807
2019,2,Capital Federal,74.0,1.027,281.370,124.087,239.691,296.155,475.991,,1.418.395
2019,2,Catamarca,34.0,43.0,16.631,8.67,6.049,34.0,10,2.151,33.622
2019,2,Chaco,69.0,1.383,38.488,26.431,16.789,15.348,9.904,1.492,109.904
2019,2,Chubut,66.0,3.952,69.032,10.049,1.495,74.0,165,4.5,89.333
2019,2,Córdoba,81.0,8.165,248.427,100.512,157.458,170.159,76.053,8.938,769.793
2019,2,Corrientes,10.0,3.012,40.424,27.774,13.114,11.928,7.119,6.08,109.461
2019,2,Entre Ríos,18.0,5.905,100.687,52.316,23.196,24.221,10.664,17.206,234.213
2019,2,Formosa,1.11,349.0,26.512,5.399,8.384,2.639,2.258,100.0,46.751
2019,2,Jujuy,27.0,940.0,26.233,8.441,26.7,27.0,2.600,21.765,86.733
2019,2,La Pampa,236.0,3.289,75.406,5.191,1.366,1.445,629,2.661,90.223
2019,2,La Rioja,9.0,11.0,39.819,4.297,4.857,13.0,1.298,,50.304
2019,2,Mendoza,20.0,2.522,205.165,2.971,10.092,1.256,234,,222.260
2019,2,Misiones,47.0,2.226,45.769,27.385,15.408,18.882,8.129,12.206,130.052
2019,2,Neuquén,302.0,3.038,61.776,4.688,17.318,21.21,14.132,422.0,122.886
2019,2,Río Negro,384.0,1.354,86.366,2.201,10.291,12.407,6.907,18.519,138.429
2019,2,Salta,49.0,974.0,59.638,36.923,16.961,14.059,6.461,7.585,142.650
2019,2,San Juan,22.0,213.0,60.913,2.177,785.0,7.0,4,6.119,70.240
2019,2,San Luis,57.0,102.0,16.575,4.964,467.0,57.236,5,37.977,117.383
2019,2,Santa Cruz,25.0,84.0,24.861,3.806,1.202,28.0,4,,30.010
2019,2,Santa Fe,321.0,8.427,300.124,125.176,129.741,100.131,49.865,22.323,736.108
2019,2,Santiago Del Estero,39.0,1.832,63.268,21.362,3.741,108.0,1.205,34.501,126.056
2019,2,Tierra Del Fuego,6.0,123.0,41.824,4.241,1.573,96.0,32,,47.895
2019,2,Tucumán,16.0,157.0,78.891,44.296,24.291,628.0,18.394,,166.673
2019,1,Buenos Aires,162.513,72.296,1.429.964,202.511,576.428,576.859,705.769,6.369,3.732.709
2019,1,Capital Federal,74.0,7.417,283.787,131.007,330.122,365.713,283.463,0.0,1.401.583
2019,1,Catamarca,34.0,1.708,18.761,6.443,5.606,29.0,7,2.151,34.739
2019,1,Chaco,69.0,3.801,38.719,25.632,18.965,12.393,6.368,1.035,106.982
2019,1,Chubut,66.0,3.938,71.077,6.571,787.0,74.0,165,0.0,82.678
2019,1,Córdoba,81.0,20.403,242.769,96.997,200.681,127.965,50.716,6.806,746.418
2019,1,Corrientes,10.0,6.47,38.402,26.562,15.498,9.688,5.029,0.0,101.659
2019,1,Entre Ríos,18.0,9.217,107.013,50.068,28.957,18.146,7.619,12.142,233.180
2019,1,Formosa,1.11,3.023,23.085,5.301,9.027,2.099,1.654,0.0,45.299
2019,1,Jujuy,27.0,2.817,30.727,7.811,4.021,30.0,1.141,37.162,83.736
2019,1,La Pampa,236.0,8.327,70.538,4.466,1.061,1.354,405,698.0,87.085
2019,1,La Rioja,9.0,1.169,40.285,4.088,5.216,17.0,869,0.0,51.653
2019,1,Mendoza,20.0,1.786,205.383,2.837,5.702,111.0,140,0.0,215.979
2019,1,Misiones,47.0,5.946,45.266,25.89,19.111,16.552,5.167,7.654,125.633
2019,1,Neuquén,1.328,3.055,52.360,1.781,21.452,17.135,11.026,6.105,114.242
2019,1,Río Negro,384.0,1.583,84.845,2.037,13.615,9.567,5.076,3.719,120.826
2019,1,Salta,49.0,4.232,59.244,36.473,22.91,10.861,2.242,1.0,136.012
2019,1,San Juan,22.0,229.0,62.380,266.0,520.0,3.0,2,560.0,63.982
2019,1,San Luis,57.0,120.0,21.380,53.214,345.0,6.0,2,23.577,98.701
2019,1,Santa Cruz,25.0,128.0,21.990,2.731,702.0,26.0,4,0.0,25.606
2019,1,Santa Fe,333.0,29.35,296.798,122.959,153.212,74.575,36.502,18.591,732.320
2019,1,Santiago Del Estero,39.0,3.372,62.895,20.691,3.959,85.0,494,0.0,91.535
2019,1,Tierra Del Fuego,6.0,131.0,38.851,3.623,641.0,80.0,29,0.0,43.361
2019,1,Tucumán,16.0,5.188,82.240,42.877,26.21,847.0,14.839,0.0,172.217
2018,4,Buenos Aires,134.673,73.761,1.422.463,194.426,577.679,949.093,265.386,19.125,3.636.606
2018,4,Capital Federal,74.0,7.388,283.281,143.309,330.496,437.662,186.810,0.0,1.389.020
2018,4,Catamarca,34.0,1.669,17.955,6.425,5.461,29.0,7,2.003,33.583
2018,4,Chaco,69.0,3.405,36.437,25.633,18.965,12.393,6.368,0.0,103.270
2018,4,Chubut,66.0,3.917,66.061,6.215,531.0,623.0,165,1.144,78.722
2018,4,Córdoba,81.0,24.102,228.475,97.277,201.639,128.053,48.809,8.903,737.339
2018,4,Corrientes,10.0,6.438,37.376,26.562,15.498,9.688,5.029,0.0,100.601
2018,4,Entre Ríos,18.0,8.769,94.780,50.027,29.002,18.146,7.612,13.693,222.047
2018,4,Formosa,1.11,3.074,22.962,5.285,9.027,2.092,1.654,0.0,45.204
2018,4,Jujuy,27.0,2.803,30.727,7.811,4.021,30.0,1.141,43.573,90.133
2018,4,La Pampa,241.0,7.727,70.508,3.661,978.0,1.328,270,923.0,85.636
2018,4,La Rioja,9.0,1.164,40.285,4.088,5.216,17.0,869,3.0,51.651
2018,4,Mendoza,20.0,1.463,197.450,2.494,4.726,19.0,132,0.0,206.304
2018,4,Misiones,47.0,5.981,43.267,26.019,19.226,16.566,5.167,0.0,116.273
2018,4,Neuquén,1.328,3.044,52.313,1.781,21.452,17.135,11.025,6.287,114.365
2018,4,Río Negro,384.0,1.225,83.412,643.0,13.44,9.569,5.070,3.094,116.837
2018,4,Salta,49.0,3.659,58.492,36.365,22.91,10.861,2.242,0.0,134.578
2018,4,San Juan,22.0,1.465,59.811,180.0,312.0,1.0,1,606.0,62.398
2018,4,San Luis,57.0,109.0,19.164,53.183,119.0,62.0,2,23.635,96.331
2018,4,Santa Cruz,25.0,115.0,23.107,779.0,206.0,1.0,4,531.0,24.768
2018,4,Santa Fe,335.0,31.397,276.301,121.009,152.039,74.432,36.427,28.45,720.390
2018,4,Santiago Del Estero,39.0,3.25,61.347,20.127,3.686,77.0,483,326.0,89.335
2018,4,Tierra Del Fuego,6.0,27.0,29.919,6.323,9.894,24.0,67,0.0,46.260
2018,4,Tucumán,16.0,5.244,82.089,42.766,26.111,847.0,14.839,92.0,172.004
2018,3,Buenos Aires,991.0,80.459,1.445.733,190.805,636.09,897.964,237.248,120.464,3.609.754
2018,3,Capital Federal,73.0,8.493,287.919,147.253,370.677,415.02,165.055,0.0,1.394.490
2018,3,Catamarca,34.0,1.994,18.475,6.358,5.32,34.0,7,2.151,34.373
2018,3,Chaco,70.0,3.503,38.729,24.916,20.335,11.085,5.667,1.035,105.340
2018,3,Chubut,67.0,3.951,91.096,6.162,531.0,623.0,164,0.0,102.594
2018,3,Córdoba,81.0,24.767,224.471,96.372,221.984,109.333,39.854,6.49,723.352
2018,3,Corrientes,11.0,6.754,38.364,24.953,16.601,8.357,4.419,0.0,99.459
2018,3,Entre Ríos,18.0,9.048,96.095,45.651,31.353,15.111,6.786,0.0,204.062
2018,3,Formosa,1.11,3.365,22.624,5.259,9.336,1.729,1.434,0.0,44.857
2018,3,Jujuy,345.0,3.02,29.048,7.756,4.066,39.0,623,0.0,44.897
2018,3,La Pampa,242.0,8.417,68.507,3.153,920.0,1.189,216,698.0,83.342
2018,3,La Rioja,9.0,1.291,40.647,4.138,5.425,20.0,339,0.0,51.869
2018,3,Mendoza,20.0,1.525,199.297,2.476,4.727,27.0,129,0.0,208.201
2018,3,Misiones,48.0,5.749,39.617,24.747,21.212,14.674,4.547,0.0,110.594
2018,3,Neuquén,1.396,2.244,55.822,1.647,23.785,15.218,9.718,6.105,115.935
2018,3,Río Negro,409.0,5.221,75.929,512.0,14.912,8.47,4.332,3.719,113.504
2018,3,Salta,116.0,3.721,61.795,32.782,25.582,9.224,502,0.0,133.722
2018,3,San Juan,22.0,1.326,62.525,180.0,312.0,3.0,1,0.0,64.369
2018,3,San Luis,57.0,109.0,19.170,52.94,119.0,63.0,2,1.902,74.362
2018,3,Santa Cruz,26.0,116.0,32.815,778.0,206.0,1.0,3,0.0,33.945
2018,3,Santa Fe,467.0,36.786,269.211,115.907,162.545,62.479,31.266,13.911,692.572
2018,3,Santiago Del Estero,41.0,2.55,60.260,19.116,3.806,64.0,265,0.0,86.102
2018,3,Tierra Del Fuego,6.0,187.0,41.569,2.27,231.0,24.0,13,0.0,44.300
2018,3,Tucumán,16.0,5.993,81.559,43.282,27.062,941.0,12.187,0.0,171.040
2018,2,Buenos Aires,1.009,81.354,1.459.443,295.457,816.056,536.049,199.589,113.357,3.502.314
2018,2,Capital Federal,73.0,9.234,290.291,219.166,445.345,264.805,142.253,0.0,1.371.167
2018,2,Catamarca,34.0,2.414,14.624,6.112,4.347,36.0,6,6.5,34.073
2018,2,Chaco,70.0,2.968,34.167,24.282,21.887,9.251,4.630,1.035,98.290
2018,2,Chubut,67.0,4.471,85.598,5.369,4.0,5.0,9,5.01,100.533
2018,2,Córdoba,81.0,21.779,219.630,102.596,244.291,78.852,34.950,8.11,710.289
2018,2,Corrientes,11.0,7.047,38.268,24.066,17.926,6.78,3.862,0.0,97.960
2018,2,Entre Ríos,18.0,8.179,94.459,44.57,34.281,12.012,5.920,0.0,199.439
2018,2,Formosa,1.11,3.568,22.409,5.176,9.727,1.313,1.243,0.0,44.546
2018,2,Jujuy,345.0,3.32,29.319,8.083,3.977,44.0,7,0.0,45.095
2018,2,La Pampa,244.0,8.797,68.083,2.409,965.0,969.0,179,698.0,82.344
2018,2,La Rioja,9.0,1.384,40.679,4.198,5.64,20.0,15,0.0,51.945
2018,2,Mendoza,20.0,1.658,164.596,515.0,266.0,17.0,72,33.788,200.932
2018,2,Misiones,48.0,6.092,39.489,23.569,23.747,11.888,3.866,0.0,108.699
2018,2,Neuquén,1.396,2.408,56.035,1.314,26.417,12.442,8.551,6.105,114.668
2018,2,Río Negro,409.0,5.298,75.056,523.0,16.48,6.663,3.725,3.975,112.129
2018,2,Salta,116.0,3.99,61.763,33.285,28.431,7.239,182,0.0,135.006
2018,2,San Juan,22.0,1.378,57.591,11.0,0.0,3.0,0,5.068,64.073
2018,2,San Luis,57.0,101.0,11.992,11.0,0.0,7.0,2,9.284,21.454
2018,2,Santa Cruz,26.0,120.0,28.600,655.0,100.0,1.0,3,4.267,33.772
2018,2,Santa Fe,744.0,34.267,262.603,112.143,175.54,50.525,26.512,22.257,684.591
2018,2,Santiago Del Estero,41.0,2.717,41.362,18.721,3.278,31.0,31,17.589,83.770
2018,2,Tierra Del Fuego,6.0,188.0,40.912,2.217,75.0,0.0,0,107.0,43.505
2018,2,Tucumán,16.0,6.735,79.899,44.968,27.059,1.084,8.784,1.305,169.850
2018,1,Buenos Aires,1.514,74.766,1.445.752,292.732,886.678,480.237,184.203,105.818,3.471.700
2018,1,Capital Federal,89.0,10.039,292.566,222.737,487.826,227.953,127.384,0.0,1.368.594
2018,1,Catamarca,34.0,2.896,14.770,6.145,3.539,41.0,4,6.5,33.929
2018,1,Chaco,70.0,3.261,32.516,24.488,23.296,8.219,3.897,1.035,96.782
2018,1,Chubut,67.0,4.314,83.161,5.358,4.0,5.0,9,5.01,97.928
2018,1,Córdoba,281.0,23.922,222.815,104.3,266.259,57.137,29.228,10.049,713.991
2018,1,Corrientes,11.0,5.005,37.152,24.038,19.068,5.89,3.256,0.0,94.420
2018,1,Entre Ríos,18.0,8.861,90.080,45.599,37.401,9.818,5.071,0.0,196.848
2018,1,Formosa,1.11,3.803,10.092,5.117,10.061,1.091,1.046,0.0,32.320
2018,1,Jujuy,345.0,4.807,27.219,8.044,3.925,49.0,4,0.0,44.393
2018,1,La Pampa,245.0,8.119,67.104,1.616,1.076,614.0,98,3.503,82.375
2018,1,La Rioja,9.0,1.485,40.680,4.217,5.831,19.0,1,0.0,52.242
2018,1,Mendoza,20.0,1.662,164.599,501.0,266.0,19.0,72,33.788,200.927
2018,1,Misiones,48.0,4.7,35.820,23.291,26.223,10.241,3.219,0.0,103.542
2018,1,Neuquén,1.396,2.367,59.468,1.311,29.012,9.709,7.378,6.105,116.746
2018,1,Río Negro,409.0,5.333,74.894,530.0,17.997,4.972,3.129,3.975,111.239
2018,1,Salta,116.0,4.459,60.334,33.088,30.771,5.145,88,0.0,134.001
2018,1,San Juan,22.0,1.058,57.078,11.0,0.0,3.0,0,5.068,63.240
2018,1,San Luis,57.0,101.0,11.920,11.0,0.0,7.0,2,9.284,21.382
2018,1,Santa Cruz,26.0,120.0,28.600,655.0,100.0,1.0,3,4.267,33.772
2018,1,Santa Fe,1.359,33.639,262.008,108.576,188.9,39.589,22.801,23.181,680.053
2018,1,Santiago Del Estero,41.0,2.91,41.298,18.914,3.449,33.0,2,17.589,84.236
2018,1,Tierra Del Fuego,6.0,307.0,33.987,2.0,0.0,0.0,0,107.0,34.409
2018,1,Tucumán,16.0,7.472,78.811,45.675,26.405,1.218,7.082,1.305,167.984
2017,4,Buenos Aires,3.865,55.046,1.551.194,264.645,712.513,335.14,151.747,114.182,3.188.332
2017,4,Capital Federal,314.0,31.411,517.018,284.04,458.12,178.396,114.939,0.0,1.584.238
2017,4,Catamarca,34.0,3.182,15.315,5.904,2.927,43.0,2,2.151,29.558
2017,4,Chaco,70.0,3.432,37.144,24.088,20.123,7.29,3.289,1.035,96.471
2017,4,Chubut,67.0,4.313,83.676,5.355,7.0,5.0,9,0.0,93.432
2017,4,Córdoba,291.0,25.411,280.837,102.892,217.602,40.898,24.251,8.429,700.611
2017,4,Corrientes,11.0,5.22,41.080,23.686,16.046,5.053,2.675,0.0,93.771
2017,4,Entre Ríos,1.685,9.078,95.466,45.189,30.01,7.958,4.113,0.0,193.499
2017,4,Formosa,1.11,4.061,13.220,4.867,6.996,977.0,824,0.0,32.055
2017,4,Jujuy,345.0,5.364,26.566,7.721,3.507,44.0,3,0.0,43.550
2017,4,La Pampa,310.0,8.729,66.053,1.227,792.0,391.0,81,3.503,81.086
2017,4,La Rioja,9.0,1.488,40.777,4.083,5.813,22.0,3,0.0,52.195
2017,4,Mendoza,26.0,1.656,177.646,438.0,278.0,29.0,81,0.0,180.154
2017,4,Misiones,1.053,3.9,41.723,23.131,22.262,9.091,2.735,0.0,103.895
2017,4,Neuquén,1.396,2.372,68.036,1.325,22.781,7.528,6.300,6.105,115.843
2017,4,Río Negro,409.0,5.598,81.078,485.0,12.502,3.447,2.440,3.719,109.678
2017,4,Salta,636.0,4.275,73.284,32.842,18.968,3.559,84,0.0,133.648
2017,4,San Juan,22.0,1.062,57.525,9.0,0.0,2.0,2,0.0,58.622
2017,4,San Luis,59.0,101.0,12.822,8.0,0.0,1.0,7,1.902,14.900
2017,4,Santa Cruz,68.0,78.0,29.073,655.0,100.0,1.0,3,0.0,29.978
2017,4,Santa Fe,3.109,34.132,309.998,108.939,151.329,30.736,19.602,14.119,671.964
2017,4,Santiago Del Estero,41.0,3.091,43.544,18.773,3.359,32.0,2,0.0,68.842
2017,4,Tierra Del Fuego,6.0,310.0,31.334,2.0,0.0,0.0,0,0.0,31.652
2017,4,Tucumán,105.0,8.164,78.750,45.241,24.318,1.303,4.367,0.0,162.248
2017,3,Buenos Aires,6.577,51.411,1.733.479,311.652,676.137,140.812,108.400,0.0,3.028.468
2017,3,Capital Federal,283.0,33.924,590.689,311.411,426.3,120.675,91.917,0.0,1.575.199
2017,3,Catamarca,52.0,3.204,15.383,5.758,2.563,50.0,1,0.0,27.011
2017,3,Chaco,95.0,3.496,40.059,23.008,20.307,3.827,2.004,0.0,92.796
2017,3,Chubut,436.0,3.989,71.843,2.336,3.0,0.0,0,0.0,78.607
2017,3,Córdoba,327.0,26.154,309.161,100.113,189.302,38.131,16.741,0.0,679.929
2017,3,Corrientes,24.0,5.629,44.305,22.785,15.576,2.635,1.607,0.0,92.561
2017,3,Entre Ríos,1.691,7.545,98.032,42.947,29.011,3.878,2.397,0.0,185.501
2017,3,Formosa,1.063,3.716,13.752,5.187,6.056,899.0,459,0.0,31.132
2017,3,Jujuy,337.0,5.723,26.835,7.369,2.962,41.0,2,0.0,43.269
2017,3,La Pampa,343.0,8.244,64.794,855.0,588.0,327.0,51,0.0,75.202
2017,3,La Rioja,16.0,1.497,40.882,3.899,5.604,23.0,3,0.0,51.924
2017,3,Mendoza,32.0,95.0,158.461,115.0,67.0,29.0,19,0.0,158.818
2017,3,Misiones,1.058,4.123,42.900,22.808,23.913,3.843,1.881,0.0,100.526
2017,3,Neuquén,2.036,1.457,72.532,1.034,20.213,7.067,4.937,0.0,109.276
2017,3,Río Negro,422.0,5.641,83.900,306.0,10.116,2.965,1.659,0.0,105.009
2017,3,Salta,645.0,4.494,78.830,32.433,14.62,2.315,63,0.0,133.400
2017,3,San Juan,31.0,1.077,57.582,1.0,0.0,2.0,2,0.0,58.695
2017,3,San Luis,63.0,3.0,12.325,7.0,0.0,1.0,7,0.0,12.406
2017,3,Santa Cruz,188.0,23.0,29.102,542.0,66.0,33.0,1,0.0,29.955
2017,3,Santa Fe,3.116,34.019,320.017,104.453,125.339,24.536,12.982,0.0,624.462
2017,3,Santiago Del Estero,69.0,3.288,40.435,18.489,3.047,30.0,2,0.0,65.360
2017,3,Tierra Del Fuego,9.0,297.0,33.858,0.0,0.0,0.0,0,0.0,34.164
2017,3,Tucumán,109.0,8.948,83.070,45.302,20.514,1.361,655,0.0,159.959
2017,2,Buenos Aires,7.548,47.472,1.910.156,299.009,573.298,93.059,46.178,0.0,2.976.720
2017,2,Capital Federal,556.0,35.663,726.223,304.97,378.571,80.234,37.977,0.0,1.564.194
2017,2,Catamarca,15.0,3.318,15.655,5.325,2.342,47.0,1,0.0,26.703
2017,2,Chaco,191.0,3.733,42.590,22.349,18.044,3.157,545,0.0,90.609
2017,2,Chubut,403.0,4.186,73.760,1.88,0.0,0.0,0,0.0,80.229
2017,2,Córdoba,251.0,26.862,370.865,88.479,146.683,20.351,5.069,0.0,658.560
2017,2,Corrientes,15.0,5.912,46.483,21.776,13.043,2.218,647,0.0,90.094
2017,2,Entre Ríos,1.68,7.944,104.422,41.8,23.524,2.604,823,0.0,182.797
2017,2,Formosa,1.486,3.419,14.787,4.795,4.583,749.0,139,0.0,29.958
2017,2,Jujuy,311.0,5.877,26.915,6.974,2.538,42.0,1,0.0,42.658
2017,2,La Pampa,356.0,8.633,59.045,558.0,336.0,244.0,21,0.0,69.193
2017,2,La Rioja,9.0,1.554,9.304,3.599,1.796,24.0,2,0.0,16.288
2017,2,Mendoza,109.0,24.0,177.203,92.0,50.0,5.0,22,0.0,177.505
2017,2,Misiones,1.011,4.447,47.244,22.033,21.599,2.892,570,0.0,99.796
2017,2,Neuquén,1.542,1.395,81.272,849.0,18.051,4.774,1.703,0.0,109.586
2017,2,Río Negro,973.0,5.606,88.085,245.0,7.99,1.921,559,0.0,105.379
2017,2,Salta,594.0,4.719,67.576,23.185,11.333,1.068,76,0.0,108.551
2017,2,San Juan,15.0,193.0,58.588,0.0,0.0,0.0,4,0.0,58.800
2017,2,San Luis,8.0,4.0,14.014,0.0,0.0,1.0,2,0.0,14.029
2017,2,Santa Cruz,188.0,24.0,30.913,541.0,66.0,33.0,0,0.0,31.765
2017,2,Santa Fe,4.967,38.721,311.830,92.854,97.563,16.794,4.275,0.0,567.004
2017,2,Santiago Del Estero,26.0,3.539,20.384,6.432,2.802,16.0,0,0.0,33.199
2017,2,Tierra Del Fuego,16.0,285.0,35.409,0.0,0.0,0.0,0,0.0,35.710
2017,2,Tucumán,96.0,9.236,83.342,42.536,17.788,1.371,21,0.0,154.390
2017,1,Buenos Aires,6.017,83.918,2.057.698,402.315,523.54,90.937,22.299,0.0,3.186.724
2017,1,Capital Federal,510.0,1.409,678.922,218.487,277.195,66.536,19.881,0.0,1.262.940
2017,1,Catamarca,15.0,3.328,15.861,4.901,2.161,49.0,0,0.0,26.315
2017,1,Chaco,191.0,3.835,44.544,21.467,15.671,3.025,314,0.0,89.047
2017,1,Chubut,401.0,4.182,73.759,1.808,0.0,0.0,0,0.0,80.150
2017,1,Córdoba,50.0,28.732,391.556,82.011,118.643,19.035,2.071,0.0,642.098
2017,1,Corrientes,15.0,6.04,48.149,20.586,11.468,2.044,303,0.0,88.605
2017,1,Entre Ríos,1.68,8.08,108.379,39.146,20.562,2.254,317,0.0,180.418
2017,1,Formosa,1.535,3.538,15.473,4.446,4.058,635.0,22,0.0,29.707
2017,1,Jujuy,330.0,6.213,27.824,6.486,2.306,44.0,0,0.0,43.203
2017,1,La Pampa,362.0,9.279,57.739,331.0,192.0,165.0,11,0.0,68.079
2017,1,La Rioja,9.0,1.578,9.486,3.409,1.718,22.0,2,0.0,16.224
2017,1,Mendoza,106.0,15.0,177.201,86.0,50.0,5.0,22,0.0,177.485
2017,1,Misiones,1.01,4.665,45.950,23.847,19.356,2.627,166,0.0,97.621
2017,1,Neuquén,1.547,1.418,83.813,902.0,15.13,4.223,458,0.0,107.491
2017,1,Río Negro,986.0,5.647,89.622,246.0,6.738,1.594,200,0.0,105.033
2017,1,Salta,579.0,4.861,70.922,21.554,9.386,267.0,74,0.0,107.643
2017,1,San Juan,8.0,192.0,58.588,0.0,0.0,0.0,4,0.0,58.792
2017,1,San Luis,8.0,4.0,14.014,0.0,0.0,1.0,2,0.0,14.029
2017,1,Santa Cruz,190.0,23.0,31.078,474.0,68.0,30.0,0,0.0,31.863
2017,1,Santa Fe,4.966,39.463,340.418,77.152,83.008,15.775,1.831,0.0,562.613
2017,1,Santiago Del Estero,26.0,3.772,21.659,6.218,2.786,17.0,0,0.0,34.478
2017,1,Tierra Del Fuego,16.0,285.0,35.409,0.0,0.0,0.0,0,0.0,35.710
2017,1,Tucumán,96.0,9.682,86.470,39.155,15.951,1.383,13,0.0,152.750
2016,4,Buenos Aires,6.055,86.281,2.085.605,403.575,467.398,72.348,17.279,0.0,3.138.541
2016,4,Capital Federal,517.0,1.477,704.324,225.723,264.582,53.506,16.756,0.0,1.266.885
2016,4,Catamarca,15.0,3.478,16.519,4.889,2.077,54.0,0,0.0,27.032
2016,4,Chaco,191.0,3.983,45.634,21.323,14.887,2.586,250,0.0,88.854
2016,4,Chubut,401.0,4.493,73.951,1.352,0.0,0.0,0,0.0,80.197
2016,4,Córdoba,50.0,29.38,404.645,77.966,108.368,15.458,1.606,0.0,637.473
2016,4,Corrientes,15.0,6.109,48.995,20.187,10.908,1.645,234,0.0,88.093
2016,4,Entre Ríos,1.68,8.253,110.296,38.491,19.509,1.801,280,0.0,180.310
2016,4,Formosa,1.573,3.519,15.791,4.114,3.855,649.0,17,0.0,29.518
2016,4,Jujuy,303.0,6.225,27.778,6.143,2.134,43.0,0,0.0,42.626
2016,4,La Pampa,368.0,9.789,56.694,16.0,335.0,132.0,11,0.0,67.345
2016,4,La Rioja,9.0,1.646,9.635,3.334,1.675,13.0,3,0.0,16.315
2016,4,Mendoza,114.0,16.0,177.194,79.0,49.0,5.0,20,0.0,177.477
2016,4,Misiones,1.01,4.783,47.454,23.433,18.371,2.215,126,0.0,97.392
2016,4,Neuquén,1.539,1.406,84.859,792.0,14.153,3.073,271,0.0,106.093
2016,4,Río Negro,998.0,2.953,92.967,248.0,6.317,1.174,122,0.0,104.779
2016,4,Salta,577.0,5.027,71.636,20.787,8.611,239.0,70,0.0,106.947
2016,4,San Juan,8.0,220.0,58.608,0.0,0.0,0.0,4,0.0,58.840
2016,4,San Luis,8.0,4.0,14.014,0.0,0.0,1.0,2,0.0,14.029
2016,4,Santa Cruz,189.0,23.0,31.369,342.0,80.0,10.0,0,0.0,32.013
2016,4,Santa Fe,4.966,40.102,349.722,74.401,77.667,13.155,1.529,0.0,561.542
2016,4,Santiago Del Estero,26.0,3.925,22.246,6.178,2.664,15.0,0,0.0,35.054
2016,4,Tierra Del Fuego,16.0,285.0,35.409,0.0,0.0,0.0,0,0.0,35.710
2016,4,Tucumán,96.0,10.021,87.994,37.721,14.389,1.4,10,0.0,151.631
2016,3,Buenos Aires,5.856,107.945,2.148.475,393.53,399.116,52.9,13.318,0.0,3.121.140
2016,3,Capital Federal,331.0,995.0,759.028,208.249,240.856,38.341,13.886,0.0,1.261.686
2016,3,Catamarca,15.0,4.038,16.183,4.845,1.853,50.0,0,0.0,26.984
2016,3,Chaco,190.0,5.227,46.821,21.193,13.746,2.022,217,0.0,89.416
2016,3,Chubut,466.0,5.19,74.375,674.0,0.0,0.0,0,0.0,80.705
2016,3,Córdoba,48.0,41.329,415.075,75.988,99.225,11.691,1.322,0.0,644.678
2016,3,Corrientes,15.0,7.425,49.471,19.956,10.006,1.263,210,0.0,88.346
2016,3,Entre Ríos,1.768,10.657,110.844,38.665,17.737,1.307,248,0.0,181.226
2016,3,Formosa,1.723,4.277,15.581,3.964,3.658,648.0,10,0.0,29.861
2016,3,Jujuy,286.0,6.878,27.425,5.943,1.978,31.0,0,0.0,42.541
2016,3,La Pampa,374.0,10.187,55.792,15.0,224.0,114.0,11,0.0,66.717
2016,3,La Rioja,9.0,2.349,9.686,3.316,1.562,11.0,2,0.0,16.935
2016,3,Mendoza,37.0,10.0,178.186,73.0,48.0,5.0,17,0.0,178.376
2016,3,Misiones,1.01,6.03,48.871,23.394,17.043,1.559,91,0.0,97.998
2016,3,Neuquén,1.531,1.527,87.404,680.0,12.541,2.118,225,0.0,106.026
2016,3,Río Negro,1.007,6.026,90.689,207.0,5.953,790.0,99,0.0,104.771
2016,3,Salta,1.107,6.922,71.214,20.229,8.099,197.0,50,0.0,107.818
2016,3,San Juan,8.0,245.0,58.577,0.0,0.0,0.0,2,0.0,58.832
2016,3,San Luis,7.0,4.0,14.077,0.0,0.0,1.0,2,0.0,14.091
2016,3,Santa Cruz,189.0,22.0,31.904,221.0,52.0,9.0,0,0.0,32.397
2016,3,Santa Fe,3.958,49.501,360.606,72.657,69.864,10.21,1.308,0.0,568.104
2016,3,Santiago Del Estero,26.0,5.097,22.747,6.216,2.497,9.0,0,0.0,36.592
2016,3,Tierra Del Fuego,16.0,285.0,35.080,0.0,0.0,0.0,0,0.0,35.381
2016,3,Tucumán,127.0,12.247,87.970,36.518,13.15,1.288,4,0.0,151.304
2016,2,Buenos Aires,10.786,133.385,2.250.898,335.296,334.723,31.494,11.933,0.0,3.108.515
2016,2,Capital Federal,4.352,1.736,859.039,146.091,213.01,19.597,13.477,0.0,1.257.302
2016,2,Catamarca,15.0,5.736,14.742,4.567,1.496,47.0,1,0.0,26.604
2016,2,Chaco,197.0,8.063,45.823,20.346,12.09,1.571,201,0.0,88.291
2016,2,Chubut,572.0,5.421,73.078,775.0,0.0,0.0,0,0.0,79.846
2016,2,Córdoba,258.0,57.05,437.547,71.98,82.618,8.355,1.242,0.0,659.050
2016,2,Corrientes,41.0,10.018,47.916,19.2,8.851,803.0,191,0.0,87.020
2016,2,Entre Ríos,4.734,16.368,115.000,36.917,15.522,849.0,205,0.0,189.595
2016,2,Formosa,1.675,5.401,14.370,3.569,3.218,593.0,10,0.0,28.836
2016,2,Jujuy,2.561,8.292,25.301,5.589,1.75,3.0,0,0.0,43.496
2016,2,La Pampa,429.0,10.616,63.928,15.0,119.0,96.0,11,0.0,75.214
2016,2,La Rioja,10.0,3.151,9.043,3.19,1.344,3.0,5,0.0,16.746
2016,2,Mendoza,437.0,30.0,176.922,61.0,44.0,5.0,20,0.0,177.519
2016,2,Misiones,1.973,7.899,49.586,21.385,14.82,1.073,96,0.0,96.832
2016,2,Neuquén,1.916,1.691,88.854,583.0,10.241,1.285,208,0.0,104.778
2016,2,Río Negro,1.189,6.107,92.158,194.0,4.877,520.0,86,0.0,105.131
2016,2,Salta,2.16,10.123,70.875,18.759,7.129,140.0,49,0.0,109.235
2016,2,San Juan,10.0,273.0,57.589,0.0,0.0,0.0,4,0.0,57.876
2016,2,San Luis,12.0,4.0,13.931,0.0,0.0,1.0,2,0.0,13.950
2016,2,Santa Cruz,244.0,26.0,31.995,142.0,20.0,0.0,0,0.0,32.427
2016,2,Santa Fe,9.486,67.325,374.960,68.505,60.469,6.509,1.277,0.0,588.531
2016,2,Santiago Del Estero,704.0,6.705,22.208,5.943,2.108,1.0,0,0.0,37.669
2016,2,Tierra Del Fuego,16.0,286.0,38.773,0.0,0.0,0.0,0,0.0,39.075
2016,2,Tucumán,231.0,18.515,83.945,33.891,11.31,1.032,2,0.0,148.926
2016,1,Buenos Aires,7.351,97.88,2.214.760,289.929,247.372,8.315,9.529,0.0,2.875.136
2016,1,Capital Federal,2.31,43.686,869.048,178.665,192.644,6.577,10.838,0.0,1.303.768
2016,1,Catamarca,15.0,6.102,14.653,4.241,1.334,42.0,1,0.0,26.388
2016,1,Chaco,194.0,8.755,46.304,19.388,10.587,1.238,184,0.0,86.650
2016,1,Chubut,94.0,5.095,72.396,1.066,0.0,0.0,0,0.0,78.651
2016,1,Córdoba,148.0,59.484,414.452,65.763,66.455,4.143,1.039,0.0,611.484
2016,1,Corrientes,29.0,10.69,47.833,18.375,7.911,526.0,170,0.0,85.534
2016,1,Entre Ríos,2.864,17.749,104.137,35.104,14.057,457.0,165,0.0,174.533
2016,1,Formosa,1.738,5.731,14.163,3.229,2.906,544.0,5,0.0,28.316
2016,1,Jujuy,2.543,8.558,22.383,5.188,1.623,0.0,0,0.0,40.295
2016,1,La Pampa,426.0,11.065,52.117,15.0,78.0,71.0,11,0.0,63.783
2016,1,La Rioja,10.0,3.382,9.060,2.98,1.254,2.0,3,0.0,16.691
2016,1,Mendoza,235.0,21.0,175.376,47.0,43.0,5.0,17,0.0,175.744
2016,1,Misiones,959.0,8.502,50.061,19.195,13.363,779.0,68,0.0,92.927
2016,1,Neuquén,1.72,1.737,86.310,479.0,7.893,143.0,171,0.0,98.453
2016,1,Río Negro,1.171,6.105,90.038,203.0,4.246,77.0,81,0.0,101.921
2016,1,Salta,1.119,10.765,65.646,17.748,6.643,119.0,31,0.0,102.071
2016,1,San Juan,9.0,309.0,56.447,0.0,0.0,0.0,2,0.0,56.767
2016,1,San Luis,8.0,4.0,13.645,0.0,0.0,1.0,2,0.0,13.660
2016,1,Santa Cruz,168.0,29.0,32.188,8.0,0.0,0.0,0,0.0,32.393
2016,1,Santa Fe,6.492,71.565,353.525,64.117,51.293,3.754,1.063,0.0,551.809
2016,1,Santiago Del Estero,703.0,7.219,22.805,5.769,1.898,0.0,0,0.0,38.394
2016,1,Tierra Del Fuego,16.0,285.0,33.003,0.0,0.0,0.0,0,0.0,33.304
2016,1,Tucumán,106.0,20.092,84.008,31.49,10.046,871.0,0,0.0,146.613
2015,4,Buenos Aires,7.985,100.303,2.253.197,274.56,240.188,3.835,8.180,0.0,2.888.246
2015,4,Capital Federal,2.417,46.568,916.813,172.029,198.635,3.087,10.899,0.0,1.350.450
2015,4,Catamarca,15.0,6.513,14.484,4.106,1.313,39.0,1,0.0,26.471
2015,4,Chaco,194.0,9.593,46.771,18.608,10.092,1.136,159,0.0,86.553
2015,4,Chubut,625.0,5.774,71.881,168.0,0.0,0.0,0,0.0,78.448
2015,4,Córdoba,148.0,63.746,427.471,62.989,67.151,3.336,1.088,0.0,625.929
2015,4,Corrientes,29.0,11.248,48.104,17.877,7.569,456.0,150,0.0,85.433
2015,4,Entre Ríos,2.865,18.883,104.224,33.989,13.668,399.0,163,0.0,174.191
2015,4,Formosa,1.791,6.081,14.279,2.704,2.713,519.0,4,0.0,28.091
2015,4,Jujuy,2.551,8.876,21.867,5.044,1.587,0.0,0,0.0,39.925
2015,4,La Pampa,592.0,12.951,48.798,16.0,63.0,49.0,10,0.0,62.479
2015,4,La Rioja,10.0,3.638,9.127,2.937,1.215,2.0,3,0.0,16.932
2015,4,Mendoza,241.0,23.0,174.719,38.0,41.0,5.0,13,0.0,175.080
2015,4,Misiones,959.0,9.169,51.029,17.281,13.69,675.0,52,0.0,92.855
2015,4,Neuquén,1.727,2.061,89.678,455.0,7.934,9.0,175,0.0,102.039
2015,4,Río Negro,3.282,4.473,89.062,201.0,4.024,5.0,75,0.0,101.122
2015,4,Salta,1.122,11.387,65.677,17.139,6.507,99.0,5,0.0,101.936
2015,4,San Juan,9.0,386.0,55.761,0.0,0.0,0.0,2,0.0,56.158
2015,4,San Luis,8.0,4.0,13.473,0.0,0.0,1.0,2,0.0,13.488
2015,4,Santa Cruz,188.0,26.0,32.338,3.0,0.0,0.0,0,0.0,32.555
2015,4,Santa Fe,6.659,75.77,361.264,60.985,51.258,3.079,1.189,0.0,560.204
2015,4,Santiago Del Estero,703.0,7.836,23.074,5.669,1.856,0.0,0,0.0,39.138
2015,4,Tierra Del Fuego,16.0,285.0,32.662,0.0,0.0,0.0,0,0.0,32.963
2015,4,Tucumán,107.0,21.8,83.887,29.942,9.507,837.0,0,0.0,146.080
2015,3,Buenos Aires,8.361,107.351,2.266.948,262.564,200.491,2.642,7.720,0.0,2.856.078
2015,3,Capital Federal,2.448,49.34,942.525,159.618,175.594,2.028,10.022,0.0,1.341.574
2015,3,Catamarca,15.0,6.871,14.206,4.143,812.0,43.0,1,0.0,26.091
2015,3,Chaco,240.0,10.353,47.131,19.016,7.498,979.0,157,0.0,85.374
2015,3,Chubut,641.0,5.886,71.668,167.0,0.0,0.0,0,0.0,78.362
2015,3,Córdoba,150.0,68.765,429.787,61.109,59.372,2.582,1.048,0.0,622.813
2015,3,Corrientes,33.0,11.921,48.127,18.168,6.111,453.0,146,0.0,84.959
2015,3,Entre Ríos,2.863,20.385,103.990,34.788,9.924,384.0,153,0.0,172.487
2015,3,Formosa,1.862,6.521,14.354,2.791,1.842,379.0,2,0.0,27.751
2015,3,Jujuy,2.549,9.278,21.588,5.169,966.0,0.0,0,0.0,39.550
2015,3,La Pampa,613.0,13.087,47.660,9.0,55.0,39.0,10,0.0,61.473
2015,3,La Rioja,10.0,3.84,9.102,2.984,832.0,0.0,3,0.0,16.771
2015,3,Mendoza,256.0,25.0,173.430,45.0,18.0,5.0,13,0.0,173.792
2015,3,Misiones,958.0,9.809,51.234,17.367,11.654,559.0,43,0.0,91.624
2015,3,Neuquén,1.733,2.124,85.044,210.0,6.599,2.0,155,0.0,95.867
2015,3,Río Negro,3.372,4.457,88.691,99.0,3.826,1.0,62,0.0,100.508
2015,3,Salta,1.126,12.223,65.405,17.451,4.318,61.0,5,0.0,100.589
2015,3,San Juan,9.0,391.0,54.963,0.0,0.0,0.0,2,0.0,55.365
2015,3,San Luis,9.0,4.0,13.286,0.0,0.0,1.0,2,0.0,13.302
2015,3,Santa Cruz,190.0,25.0,32.266,2.0,0.0,0.0,0,0.0,32.483
2015,3,Santa Fe,6.767,80.817,363.177,59.531,42.021,2.32,1.133,0.0,555.766
2015,3,Santiago Del Estero,703.0,8.332,23.158,5.956,1.249,0.0,0,0.0,39.398
2015,3,Tierra Del Fuego,15.0,285.0,36.408,2.0,0.0,0.0,0,0.0,36.710
2015,3,Tucumán,107.0,23.687,83.654,29.998,6.232,623.0,0,0.0,144.301
2015,2,Buenos Aires,8.714,137.189,2.299.705,243.503,159.922,2.01,6.712,0.0,2.857.754
2015,2,Capital Federal,2.493,51.799,990.112,148.569,142.976,1.482,9.258,0.0,1.346.690
2015,2,Catamarca,15.0,7.253,14.003,3.776,593.0,37.0,1,0.0,25.678
2015,2,Chaco,288.0,11.058,47.551,17.675,6.337,788.0,149,0.0,83.846
2015,2,Chubut,656.0,6.032,55.791,168.0,0.0,0.0,0,0.0,62.647
2015,2,Córdoba,156.0,72.695,434.717,54.993,46.415,1.956,903,0.0,611.835
2015,2,Corrientes,34.0,12.542,48.015,17.184,5.039,379.0,126,0.0,83.319
2015,2,Entre Ríos,2.864,21.986,104.043,32.293,7.867,354.0,136,0.0,169.543
2015,2,Formosa,1.881,6.907,14.247,2.436,1.324,257.0,1,0.0,27.053
2015,2,Jujuy,2.479,9.474,20.248,4.792,730.0,0.0,0,0.0,37.723
2015,2,La Pampa,5.737,8.182,46.235,27.0,24.0,25.0,10,0.0,60.240
2015,2,La Rioja,10.0,4.082,9.093,2.68,641.0,0.0,3,0.0,16.509
2015,2,Mendoza,268.0,26.0,170.451,42.0,16.0,5.0,13,0.0,170.821
2015,2,Misiones,958.0,10.36,51.671,15.022,10.072,408.0,33,0.0,88.524
2015,2,Neuquén,1.755,2.348,82.727,214.0,5.168,2.0,110,0.0,92.324
2015,2,Río Negro,3.413,4.525,87.362,97.0,3.24,1.0,51,0.0,98.689
2015,2,Salta,1.123,13.02,64.737,16.241,3.114,29.0,5,0.0,98.269
2015,2,San Juan,8.0,410.0,51.568,0.0,0.0,0.0,2,0.0,51.988
2015,2,San Luis,9.0,4.0,13.204,0.0,0.0,1.0,2,0.0,13.220
2015,2,Santa Cruz,210.0,25.0,25.519,2.0,0.0,0.0,0,0.0,25.756
2015,2,Santa Fe,6.827,86.016,364.441,53.205,33.894,1.856,1.014,0.0,547.253
2015,2,Santiago Del Estero,703.0,8.779,23.456,5.553,888.0,0.0,0,0.0,39.379
2015,2,Tierra Del Fuego,15.0,285.0,36.073,2.0,0.0,0.0,0,0.0,36.375
2015,2,Tucumán,107.0,25.178,83.462,26.966,4.502,455.0,0,0.0,140.670
2015,1,Buenos Aires,8.882,123.589,2.267.852,220.07,126.958,1.561,5.700,0.0,2.754.612
2015,1,Capital Federal,2.545,59.084,1.013.510,134.151,114.569,1.195,8.401,0.0,1.333.455
2015,1,Catamarca,13.0,7.634,13.754,3.202,517.0,9.0,1,0.0,25.130
2015,1,Chaco,26.0,12.053,47.425,15.883,5.346,489.0,135,0.0,81.357
2015,1,Chubut,651.0,6.176,57.333,102.0,0.0,0.0,0,0.0,64.262
2015,1,Córdoba,157.0,78.427,432.802,46.574,37.443,1.615,815,0.0,597.833
2015,1,Corrientes,36.0,13.295,47.842,15.554,4.424,235.0,98,0.0,81.484
2015,1,Entre Ríos,2.867,23.951,104.168,28.113,6.926,274.0,119,0.0,166.418
2015,1,Formosa,1.891,7.336,14.413,2.024,878.0,157.0,1,0.0,26.700
2015,1,Jujuy,2.458,9.754,19.858,3.939,603.0,0.0,0,0.0,36.612
2015,1,La Pampa,6.059,8.054,45.038,26.0,10.0,13.0,10,0.0,59.210
2015,1,La Rioja,11.0,4.201,9.379,2.207,533.0,0.0,3,0.0,16.334
2015,1,Mendoza,287.0,24.0,169.763,38.0,16.0,6.0,11,0.0,170.145
2015,1,Misiones,958.0,11.136,51.906,12.387,8.543,194.0,26,0.0,85.150
2015,1,Neuquén,1.895,2.577,80.787,170.0,4.067,2.0,76,0.0,89.574
2015,1,Río Negro,3.371,4.913,86.173,94.0,2.632,2.0,42,0.0,97.227
2015,1,Salta,1.123,14.151,64.992,13.955,2.569,15.0,5,0.0,96.810
2015,1,San Juan,8.0,445.0,51.346,0.0,0.0,0.0,2,0.0,51.801
2015,1,San Luis,10.0,8.0,12.720,0.0,1.0,0.0,2,0.0,12.741
2015,1,Santa Cruz,205.0,27.0,26.048,2.0,0.0,0.0,0,0.0,26.282
2015,1,Santa Fe,6.883,93.096,360.964,45.27,27.597,1.542,900,0.0,536.252
2015,1,Santiago Del Estero,701.0,9.236,23.136,4.796,748.0,0.0,0,0.0,38.617
2015,1,Tierra Del Fuego,14.0,609.0,36.319,2.0,0.0,0.0,0,0.0,36.944
2015,1,Tucumán,107.0,27.143,83.895,23.061,3.722,334.0,0,0.0,138.262
2014,4,Buenos Aires,8.226,132.937,2.250.445,203.62,104.322,997.0,5.406,0.0,2.705.954
2014,4,Capital Federal,2.698,62.896,1.038.269,123.451,95.772,890.0,7.997,0.0,1.331.972
2014,4,Catamarca,21.0,8.047,14.093,2.91,421.0,0.0,1,0.0,25.493
2014,4,Chaco,483.0,12.837,42.106,7.908,2.6,124.0,2,0.0,66.060
2014,4,Chubut,1.858,6.218,60.392,70.0,0.0,0.0,0,0.0,68.538
2014,4,Córdoba,1.903,85.362,427.844,41.947,30.858,1.177,782,0.0,589.873
2014,4,Corrientes,40.0,13.86,42.182,7.513,2.106,0.0,9,0.0,65.710
2014,4,Entre Ríos,2.311,27.801,88.649,18.318,3.584,1.0,66,0.0,140.730
2014,4,Formosa,1.947,7.83,14.058,1.852,473.0,47.0,1,0.0,26.208
2014,4,Jujuy,1.88,10.427,19.740,3.443,465.0,0.0,0,0.0,35.955
2014,4,La Pampa,6.266,6.879,36.520,26.0,5.0,4.0,10,0.0,49.710
2014,4,La Rioja,9.0,4.333,9.728,1.943,386.0,0.0,3,0.0,16.402
2014,4,Mendoza,303.0,19.0,169.222,36.0,14.0,5.0,12,0.0,169.611
2014,4,Misiones,547.0,11.84,53.093,8.731,2.952,54.0,12,0.0,77.229
2014,4,Neuquén,1.731,2.744,80.938,126.0,3.621,2.0,66,0.0,89.228
2014,4,Río Negro,3.64,4.723,85.094,94.0,2.319,4.0,30,0.0,95.904
2014,4,Salta,54.0,16.214,63.221,12.552,1.922,0.0,4,0.0,93.967
2014,4,San Juan,11.0,478.0,51.628,0.0,0.0,0.0,2,0.0,52.119
2014,4,San Luis,9.0,0.0,13.135,0.0,0.0,1.0,2,0.0,13.147
2014,4,Santa Cruz,156.0,1.4,24.145,1.0,1.0,0.0,0,0.0,25.703
2014,4,Santa Fe,8.707,99.962,359.293,36.718,21.098,869.0,824,0.0,527.471
2014,4,Santiago Del Estero,1.246,8.913,24.181,4.359,602.0,0.0,0,0.0,39.301
2014,4,Tierra Del Fuego,12.0,283.0,31.489,2.0,0.0,0.0,0,0.0,31.786
2014,4,Tucumán,17.0,28.746,85.091,20.631,2.733,196.0,0,0.0,137.414
2014,3,Buenos Aires,7.355,128.187,2.281.524,156.693,68.947,243.0,4.232,0.0,2.647.181
2014,3,Capital Federal,840.0,78.016,1.060.145,102.17,70.907,95.0,6.626,0.0,1.318.799
2014,3,Catamarca,19.0,8.845,13.790,1.915,111.0,0.0,0,0.0,24.680
2014,3,Chaco,398.0,14.731,41.934,5.428,1.274,5.0,0,0.0,63.770
2014,3,Chubut,2.013,6.281,60.771,34.0,0.0,0.0,0,0.0,69.099
2014,3,Córdoba,660.0,98.992,435.692,28.992,18.888,84.0,664,0.0,583.972
2014,3,Corrientes,21.0,15.448,41.717,5.181,1.172,0.0,0,0.0,63.539
2014,3,Entre Ríos,1.709,29.71,91.450,12.569,1.31,0.0,48,0.0,136.796
2014,3,Formosa,2.001,8.323,14.202,1.324,85.0,0.0,0,0.0,25.935
2014,3,Jujuy,127.0,10.979,20.216,2.305,82.0,0.0,0,0.0,33.709
2014,3,La Pampa,6.458,6.645,41.009,24.0,5.0,4.0,10,0.0,54.155
2014,3,La Rioja,10.0,4.785,9.720,1.337,61.0,0.0,0,0.0,15.913
2014,3,Mendoza,35.0,0.0,167.763,31.0,12.0,13.0,1,0.0,167.855
2014,3,Misiones,640.0,13.637,53.510,5.928,1.606,0.0,1,0.0,75.322
2014,3,Neuquén,1.522,3.099,80.090,107.0,2.865,10.0,27,0.0,87.720
2014,3,Río Negro,3.64,5.189,86.868,87.0,1.944,8.0,9,0.0,97.745
2014,3,Salta,732.0,17.481,66.026,8.314,388.0,0.0,0,0.0,92.941
2014,3,San Juan,8.0,487.0,51.276,0.0,0.0,0.0,0,0.0,51.771
2014,3,San Luis,8.0,0.0,13.029,0.0,0.0,3.0,0,0.0,13.040
2014,3,Santa Cruz,195.0,1.624,24.248,1.0,1.0,0.0,0,0.0,26.069
2014,3,Santa Fe,8.23,112.593,357.615,23.962,12.124,38.0,806,0.0,515.368
2014,3,Santiago Del Estero,791.0,9.914,23.826,2.867,142.0,0.0,0,0.0,37.540
2014,3,Tierra Del Fuego,12.0,336.0,32.348,2.0,0.0,0.0,0,0.0,32.698
2014,3,Tucumán,6.0,32.716,84.668,14.101,559.0,4.0,0,0.0,132.054
2014,2,Buenos Aires,6.902,162.274,2.288.772,140.226,56.549,284.0,4.309,0.0,2.659.316
2014,2,Capital Federal,847.0,81.431,1.078.213,87.359,56.004,59.0,6.427,0.0,1.310.340
2014,2,Catamarca,19.0,8.844,13.794,1.915,111.0,0.0,0,0.0,24.683
2014,2,Chaco,412.0,14.854,41.530,5.418,1.085,5.0,0,0.0,63.304
2014,2,Chubut,2.064,6.582,61.868,0.0,0.0,0.0,0,0.0,70.514
2014,2,Córdoba,2.105,101.598,429.536,28.698,14.824,76.0,627,0.0,577.464
2014,2,Corrientes,20.0,15.563,41.219,5.199,956.0,0.0,0,0.0,62.957
2014,2,Entre Ríos,2.187,32.781,86.757,12.564,1.162,0.0,44,0.0,135.495
2014,2,Formosa,2.032,8.218,13.944,1.321,85.0,0.0,0,0.0,25.600
2014,2,Jujuy,1.873,11.233,18.851,2.305,82.0,0.0,0,0.0,34.344
2014,2,La Pampa,7.032,6.761,34.089,18.0,5.0,4.0,10,0.0,47.919
2014,2,La Rioja,10.0,4.785,9.719,1.337,61.0,0.0,0,0.0,15.912
2014,2,Mendoza,35.0,6.0,166.710,31.0,10.0,5.0,10,0.0,166.807
2014,2,Misiones,540.0,13.644,53.245,5.924,1.334,2.0,0,0.0,74.689
2014,2,Neuquén,1.531,3.206,79.087,92.0,2.289,2.0,30,0.0,86.237
2014,2,Río Negro,3.468,5.507,84.978,78.0,1.569,2.0,8,0.0,95.610
2014,2,Salta,53.0,18.818,64.440,8.293,388.0,0.0,0,0.0,91.992
2014,2,San Juan,10.0,507.0,51.129,0.0,0.0,0.0,0,0.0,51.646
2014,2,San Luis,7.0,0.0,13.045,0.0,0.0,1.0,2,0.0,13.055
2014,2,Santa Cruz,153.0,1.637,25.374,2.0,0.0,0.0,0,0.0,27.166
2014,2,Santa Fe,8.515,115.197,353.559,23.939,10.058,34.0,792,0.0,512.094
2014,2,Santiago Del Estero,1.231,9.914,23.842,2.867,142.0,0.0,0,0.0,37.996
2014,2,Tierra Del Fuego,12.0,334.0,31.198,2.0,0.0,0.0,0,0.0,31.546
2014,2,Tucumán,6.0,32.714,84.675,14.101,559.0,4.0,0,0.0,132.059
2014,1,Buenos Aires,8.469,171.244,2.279.875,121.787,38.923,206.0,4.037,0.0,2.624.542
2014,1,Capital Federal,852.0,88.826,1.096.050,70.293,38.798,55.0,6.208,0.0,1.301.081
2014,1,Catamarca,19.0,9.147,13.330,1.672,64.0,0.0,0,0.0,24.232
2014,1,Chaco,438.0,15.849,40.869,4.644,741.0,5.0,0,0.0,62.546
2014,1,Chubut,7.452,10.0,61.329,0.0,0.0,0.0,0,0.0,68.791
2014,1,Córdoba,2.076,107.705,423.114,24.112,9.818,40.0,588,0.0,567.453
2014,1,Corrientes,20.0,16.357,40.742,4.486,630.0,0.0,0,0.0,62.235
2014,1,Entre Ríos,2.177,35.206,85.248,10.828,746.0,0.0,43,0.0,134.248
2014,1,Formosa,2.062,8.475,13.685,1.133,67.0,0.0,0,0.0,25.422
2014,1,Jujuy,1.832,11.498,18.415,2.002,56.0,0.0,0,0.0,33.803
2014,1,La Pampa,7.434,6.535,32.501,17.0,5.0,4.0,10,0.0,46.506
2014,1,La Rioja,10.0,5.111,9.390,1.165,35.0,0.0,0,0.0,15.711
2014,1,Mendoza,35.0,6.0,166.655,19.0,10.0,6.0,9,0.0,166.740
2014,1,Misiones,545.0,14.46,52.852,5.139,958.0,0.0,0,0.0,73.954
2014,1,Neuquén,4.133,987.0,77.148,84.0,1.582,2.0,22,0.0,83.958
2014,1,Río Negro,4.67,4.618,84.304,73.0,1.062,1.0,8,0.0,94.736
2014,1,Salta,53.0,19.677,64.061,7.192,314.0,0.0,0,0.0,91.297
2014,1,San Juan,531.0,2.0,51.056,0.0,0.0,0.0,0,0.0,51.589
2014,1,San Luis,7.0,3.0,12.544,0.0,1.0,0.0,2,0.0,12.557
2014,1,Santa Cruz,161.0,1.625,24.972,1.0,1.0,0.0,0,0.0,26.760
2014,1,Santa Fe,8.456,124.468,345.225,20.328,6.845,23.0,668,0.0,506.013
2014,1,Santiago Del Estero,1.234,10.531,22.817,2.422,109.0,0.0,0,0.0,37.113
2014,1,Tierra Del Fuego,12.0,607.0,30.902,6.0,0.0,0.0,0,0.0,31.527
2014,1,Tucumán,6.0,34.672,83.210,11.779,362.0,3.0,0,0.0,130.032
